order,slot_id,name,variant_count,mission_ids,level,score,primary_service,family,red,yellow,green
1,handoff,Hand-off Mission,0,,2,0.0,mixed,response,assets/icons/red/0001--handoff--hand-off-mission.png,assets/icons/yellow/0001--handoff--hand-off-mission.png,assets/icons/green/0001--handoff--hand-off-mission.png
2,alliance_custom,Custom Alliance Mission,0,,3,0.0,mixed,response,assets/icons/red/0002--alliance_custom--custom-alliance-mission.png,assets/icons/yellow/0002--alliance_custom--custom-alliance-mission.png,assets/icons/green/0002--alliance_custom--custom-alliance-mission.png
3,0,Bin fire,1,0,1,1.58,fire,fire,assets/icons/red/0003--0--bin-fire.png,assets/icons/yellow/0003--0--bin-fire.png,assets/icons/green/0003--0--bin-fire.png
4,1,Container fire,1,1,1,1.72,fire,fire,assets/icons/red/0004--1--container-fire.png,assets/icons/yellow/0004--1--container-fire.png,assets/icons/green/0004--1--container-fire.png
5,2,Burning car,2,2 2/a,1,2.44,fire,fire,assets/icons/red/0005--2--burning-car.png,assets/icons/yellow/0005--2--burning-car.png,assets/icons/green/0005--2--burning-car.png
6,3,Burning motorbike,2,3 3/a,1,2.41,fire,fire,assets/icons/red/0006--3--burning-motorbike.png,assets/icons/yellow/0006--3--burning-motorbike.png,assets/icons/green/0006--3--burning-motorbike.png
7,4,Burning grass,1,4,1,1.79,fire,fire,assets/icons/red/0007--4--burning-grass.png,assets/icons/yellow/0007--4--burning-grass.png,assets/icons/green/0007--4--burning-grass.png
8,5,Room fire,0,,1,0.0,mixed,fire,assets/icons/red/0008--5--room-fire.png,assets/icons/yellow/0008--5--room-fire.png,assets/icons/green/0008--5--room-fire.png
9,6,Garden shed fire,1,6,1,3.36,fire,fire,assets/icons/red/0009--6--garden-shed-fire.png,assets/icons/yellow/0009--6--garden-shed-fire.png,assets/icons/green/0009--6--garden-shed-fire.png
10,7,Burning leaves,1,7,1,1.81,fire,fire,assets/icons/red/0010--7--burning-leaves.png,assets/icons/yellow/0010--7--burning-leaves.png,assets/icons/green/0010--7--burning-leaves.png
11,8,Bulk rubbish fire,1,8,1,1.82,fire,fire,assets/icons/red/0011--8--bulk-rubbish-fire.png,assets/icons/yellow/0011--8--bulk-rubbish-fire.png,assets/icons/green/0011--8--bulk-rubbish-fire.png
12,9,Bale of straw fire,1,9,1,1.88,fire,fire,assets/icons/red/0012--9--bale-of-straw-fire.png,assets/icons/yellow/0012--9--bale-of-straw-fire.png,assets/icons/green/0012--9--bale-of-straw-fire.png
13,10,Tractor fire,1,10,1,2.36,fire,fire,assets/icons/red/0013--10--tractor-fire.png,assets/icons/yellow/0013--10--tractor-fire.png,assets/icons/green/0013--10--tractor-fire.png
14,11,Phonebox on fire,1,11,1,1.86,fire,fire,assets/icons/red/0014--11--phonebox-on-fire.png,assets/icons/yellow/0014--11--phonebox-on-fire.png,assets/icons/green/0014--11--phonebox-on-fire.png
15,12,Tree on the road,1,12,1,3.63,fire,fire,assets/icons/red/0015--12--tree-on-the-road.png,assets/icons/yellow/0015--12--tree-on-the-road.png,assets/icons/green/0015--12--tree-on-the-road.png
16,13,Burning truck,2,13 13/a,1,3.99,fire,fire,assets/icons/red/0016--13--burning-truck.png,assets/icons/yellow/0016--13--burning-truck.png,assets/icons/green/0016--13--burning-truck.png
17,14,Little field fire,1,14,1,3.76,fire,fire,assets/icons/red/0017--14--little-field-fire.png,assets/icons/yellow/0017--14--little-field-fire.png,assets/icons/green/0017--14--little-field-fire.png
18,15,Little forest fire,1,15,1,2.77,fire,fire,assets/icons/red/0018--15--little-forest-fire.png,assets/icons/yellow/0018--15--little-forest-fire.png,assets/icons/green/0018--15--little-forest-fire.png
19,16,Caravan fire,1,16,1,3.84,fire,fire,assets/icons/red/0019--16--caravan-fire.png,assets/icons/yellow/0019--16--caravan-fire.png,assets/icons/green/0019--16--caravan-fire.png
20,17,Postbox on fire,1,17,1,2.02,fire,fire,assets/icons/red/0020--17--postbox-on-fire.png,assets/icons/yellow/0020--17--postbox-on-fire.png,assets/icons/green/0020--17--postbox-on-fire.png
21,18,Out of control bonfire,1,18,1,2.47,fire,fire,assets/icons/red/0021--18--out-of-control-bonfire.png,assets/icons/yellow/0021--18--out-of-control-bonfire.png,assets/icons/green/0021--18--out-of-control-bonfire.png
22,19,Burning trailer,1,19,1,2.42,fire,rail,assets/icons/red/0022--19--burning-trailer.png,assets/icons/yellow/0022--19--burning-trailer.png,assets/icons/green/0022--19--burning-trailer.png
23,20,Basement fire,1,20,3,14.94,fire,fire,assets/icons/red/0023--20--basement-fire.png,assets/icons/yellow/0023--20--basement-fire.png,assets/icons/green/0023--20--basement-fire.png
24,21,Chimney fire,1,21,2,6.72,fire,fire,assets/icons/red/0024--21--chimney-fire.png,assets/icons/yellow/0024--21--chimney-fire.png,assets/icons/green/0024--21--chimney-fire.png
25,22,Roof fire,1,22,2,9.19,fire,fire,assets/icons/red/0025--22--roof-fire.png,assets/icons/yellow/0025--22--roof-fire.png,assets/icons/green/0025--22--roof-fire.png
26,23,Grease Fire,1,23,1,2.92,fire,fire,assets/icons/red/0026--23--grease-fire.png,assets/icons/yellow/0026--23--grease-fire.png,assets/icons/green/0026--23--grease-fire.png
27,24,Burning bus shelter,1,24,1,2.67,fire,fire,assets/icons/red/0027--24--burning-bus-shelter.png,assets/icons/yellow/0027--24--burning-bus-shelter.png,assets/icons/green/0027--24--burning-bus-shelter.png
28,25,Road accident,2,25 25/a,3,10.22,fire,collision,assets/icons/red/0028--25--road-accident.png,assets/icons/yellow/0028--25--road-accident.png,assets/icons/green/0028--25--road-accident.png
29,26,Small Supermarket Fire,1,26,3,16.96,fire,fire,assets/icons/red/0029--26--small-supermarket-fire.png,assets/icons/yellow/0029--26--small-supermarket-fire.png,assets/icons/green/0029--26--small-supermarket-fire.png
30,27,Garage fire,1,27,1,4.08,fire,fire,assets/icons/red/0030--27--garage-fire.png,assets/icons/yellow/0030--27--garage-fire.png,assets/icons/green/0030--27--garage-fire.png
31,28,Burning machine,1,28,3,11.37,fire,fire,assets/icons/red/0031--28--burning-machine.png,assets/icons/yellow/0031--28--burning-machine.png,assets/icons/green/0031--28--burning-machine.png
32,29,Unknown Tanker Spill,1,29,4,26.53,fire,hazmat,assets/icons/red/0032--29--unknown-tanker-spill.png,assets/icons/yellow/0032--29--unknown-tanker-spill.png,assets/icons/green/0032--29--unknown-tanker-spill.png
33,30,Fuel spill from car,1,30,1,3.76,fire,hazmat,assets/icons/red/0033--30--fuel-spill-from-car.png,assets/icons/yellow/0033--30--fuel-spill-from-car.png,assets/icons/green/0033--30--fuel-spill-from-car.png
34,31,Fireplace fire,1,31,2,6.66,fire,fire,assets/icons/red/0034--31--fireplace-fire.png,assets/icons/yellow/0034--31--fireplace-fire.png,assets/icons/green/0034--31--fireplace-fire.png
35,32,Harvester fire,1,32,1,3.92,fire,fire,assets/icons/red/0035--32--harvester-fire.png,assets/icons/yellow/0035--32--harvester-fire.png,assets/icons/green/0035--32--harvester-fire.png
36,33,Small Supermarket Fire,1,33,3,15.31,fire,fire,assets/icons/red/0036--33--small-supermarket-fire.png,assets/icons/yellow/0036--33--small-supermarket-fire.png,assets/icons/green/0036--33--small-supermarket-fire.png
37,34,Fire in Hospital - Major Incident,4,34 34-0 34-1 34-2,5,80.14,fire,fire,assets/icons/red/0037--34--fire-in-hospital-major-incident.png,assets/icons/yellow/0037--34--fire-in-hospital-major-incident.png,assets/icons/green/0037--34--fire-in-hospital-major-incident.png
38,35,Alcoholic intoxication,1,35,1,2.42,ambulance,medical,assets/icons/red/0038--35--alcoholic-intoxication.png,assets/icons/yellow/0038--35--alcoholic-intoxication.png,assets/icons/green/0038--35--alcoholic-intoxication.png
39,36,Chest Pains,1,36,2,4.99,ambulance,cardiac,assets/icons/red/0039--36--chest-pains.png,assets/icons/yellow/0039--36--chest-pains.png,assets/icons/green/0039--36--chest-pains.png
40,37,Acute asthma,1,37,2,4.94,ambulance,medical,assets/icons/red/0040--37--acute-asthma.png,assets/icons/yellow/0040--37--acute-asthma.png,assets/icons/green/0040--37--acute-asthma.png
41,38,Seizure,1,38,3,11.47,ambulance,medical,assets/icons/red/0041--38--seizure.png,assets/icons/yellow/0041--38--seizure.png,assets/icons/green/0041--38--seizure.png
42,39,Fever,1,39,2,4.97,ambulance,medical,assets/icons/red/0042--39--fever.png,assets/icons/yellow/0042--39--fever.png,assets/icons/green/0042--39--fever.png
43,40,Fallen person,1,40,2,4.92,ambulance,medical,assets/icons/red/0043--40--fallen-person.png,assets/icons/yellow/0043--40--fallen-person.png,assets/icons/green/0043--40--fallen-person.png
44,41,Car workshop fire - persons reported,8,41 41/a 41/b 41/c 41/ab 41/ac 41/bc 41/abc,5,52.26,fire,fire,assets/icons/red/0044--41--car-workshop-fire-persons-reported.png,assets/icons/yellow/0044--41--car-workshop-fire-persons-reported.png,assets/icons/green/0044--41--car-workshop-fire-persons-reported.png
45,42,Fallen person,1,42,1,2.42,ambulance,medical,assets/icons/red/0045--42--fallen-person.png,assets/icons/yellow/0045--42--fallen-person.png,assets/icons/green/0045--42--fallen-person.png
46,43,Fallen person,1,43,1,0.92,ambulance,medical,assets/icons/red/0046--43--fallen-person.png,assets/icons/yellow/0046--43--fallen-person.png,assets/icons/green/0046--43--fallen-person.png
47,44,Shoplifting,1,44,1,1.56,police,crime,assets/icons/red/0047--44--shoplifting.png,assets/icons/yellow/0047--44--shoplifting.png,assets/icons/green/0047--44--shoplifting.png
48,45,Shoplifting,1,45,1,1.56,police,crime,assets/icons/red/0048--45--shoplifting.png,assets/icons/yellow/0048--45--shoplifting.png,assets/icons/green/0048--45--shoplifting.png
49,46,Parked car accident,2,46 46/a,1,2.14,police,police,assets/icons/red/0049--46--parked-car-accident.png,assets/icons/yellow/0049--46--parked-car-accident.png,assets/icons/green/0049--46--parked-car-accident.png
50,47,Parked car accident,2,47 47/a,1,2.14,police,police,assets/icons/red/0050--47--parked-car-accident.png,assets/icons/yellow/0050--47--parked-car-accident.png,assets/icons/green/0050--47--parked-car-accident.png
51,48,Metal burglary,1,48,1,1.68,police,crime,assets/icons/red/0051--48--metal-burglary.png,assets/icons/yellow/0051--48--metal-burglary.png,assets/icons/green/0051--48--metal-burglary.png
52,49,Pickpocketing,1,49,1,1.68,police,police,assets/icons/red/0052--49--pickpocketing.png,assets/icons/yellow/0052--49--pickpocketing.png,assets/icons/green/0052--49--pickpocketing.png
53,50,Fare dodger,2,50 50/a,1,2.83,police,police,assets/icons/red/0053--50--fare-dodger.png,assets/icons/yellow/0053--50--fare-dodger.png,assets/icons/green/0053--50--fare-dodger.png
54,51,Fare dodger,0,,1,0.0,mixed,response,assets/icons/red/0054--51--fare-dodger.png,assets/icons/yellow/0054--51--fare-dodger.png,assets/icons/green/0054--51--fare-dodger.png
55,52,Fare dodger,0,,1,0.0,mixed,response,assets/icons/red/0055--52--fare-dodger.png,assets/icons/yellow/0055--52--fare-dodger.png,assets/icons/green/0055--52--fare-dodger.png
56,53,Fare dodger,0,,1,0.0,mixed,response,assets/icons/red/0056--53--fare-dodger.png,assets/icons/yellow/0056--53--fare-dodger.png,assets/icons/green/0056--53--fare-dodger.png
57,54,Parked car accident,2,54 54/a,1,2.14,police,police,assets/icons/red/0057--54--parked-car-accident.png,assets/icons/yellow/0057--54--parked-car-accident.png,assets/icons/green/0057--54--parked-car-accident.png
58,55,Fight in Progress,1,55,2,9.78,police,crowd,assets/icons/red/0058--55--fight-in-progress.png,assets/icons/yellow/0058--55--fight-in-progress.png,assets/icons/green/0058--55--fight-in-progress.png
59,56,Aggressive Person,1,56,1,3.24,police,police,assets/icons/red/0059--56--aggressive-person.png,assets/icons/yellow/0059--56--aggressive-person.png,assets/icons/green/0059--56--aggressive-person.png
60,57,Unannounced demonstration,1,57,3,16.56,police,crowd,assets/icons/red/0060--57--unannounced-demonstration.png,assets/icons/yellow/0060--57--unannounced-demonstration.png,assets/icons/green/0060--57--unannounced-demonstration.png
61,58,Kitchen Fire,1,58,1,3.76,fire,fire,assets/icons/red/0061--58--kitchen-fire.png,assets/icons/yellow/0061--58--kitchen-fire.png,assets/icons/green/0061--58--kitchen-fire.png
62,59,Animal Rescue,1,59,2,6.32,fire,animal,assets/icons/red/0062--59--animal-rescue.png,assets/icons/yellow/0062--59--animal-rescue.png,assets/icons/green/0062--59--animal-rescue.png
63,60,Sports hall fire,1,60,3,18.96,fire,fire,assets/icons/red/0063--60--sports-hall-fire.png,assets/icons/yellow/0063--60--sports-hall-fire.png,assets/icons/green/0063--60--sports-hall-fire.png
64,61,Light Aircraft Crash (Airfield),0,,4,5.0,mixed,aircraft,assets/icons/red/0064--61--light-aircraft-crash-airfield.png,assets/icons/yellow/0064--61--light-aircraft-crash-airfield.png,assets/icons/green/0064--61--light-aircraft-crash-airfield.png
65,62,Noise Complaint,1,62,1,2.11,police,police,assets/icons/red/0065--62--noise-complaint.png,assets/icons/yellow/0065--62--noise-complaint.png,assets/icons/green/0065--62--noise-complaint.png
66,63,Transient Ischemic Attack,1,63,2,4.96,ambulance,medical,assets/icons/red/0066--63--transient-ischemic-attack.png,assets/icons/yellow/0066--63--transient-ischemic-attack.png,assets/icons/green/0066--63--transient-ischemic-attack.png
67,64,Accident Involving a Bus,2,64 64/a,3,16.39,fire,fire,assets/icons/red/0067--64--accident-involving-a-bus.png,assets/icons/yellow/0067--64--accident-involving-a-bus.png,assets/icons/green/0067--64--accident-involving-a-bus.png
68,65,Kitchen Fire,1,65,1,3.76,fire,fire,assets/icons/red/0068--65--kitchen-fire.png,assets/icons/yellow/0068--65--kitchen-fire.png,assets/icons/green/0068--65--kitchen-fire.png
69,66,Room fire,0,,2,0.0,mixed,fire,assets/icons/red/0069--66--room-fire.png,assets/icons/yellow/0069--66--room-fire.png,assets/icons/green/0069--66--room-fire.png
70,67,Brawl,1,67,2,9.78,police,crowd,assets/icons/red/0070--67--brawl.png,assets/icons/yellow/0070--67--brawl.png,assets/icons/green/0070--67--brawl.png
71,68,Big Supermarket Fire,1,68,4,30.52,fire,fire,assets/icons/red/0071--68--big-supermarket-fire.png,assets/icons/yellow/0071--68--big-supermarket-fire.png,assets/icons/green/0071--68--big-supermarket-fire.png
72,69,Unknown Tanker Spill,1,69,4,24.26,fire,hazmat,assets/icons/red/0072--69--unknown-tanker-spill.png,assets/icons/yellow/0072--69--unknown-tanker-spill.png,assets/icons/green/0072--69--unknown-tanker-spill.png
73,70,Big Supermarket Fire,0,,3,0.0,mixed,fire,assets/icons/red/0073--70--big-supermarket-fire.png,assets/icons/yellow/0073--70--big-supermarket-fire.png,assets/icons/green/0073--70--big-supermarket-fire.png
74,71,Nosebleed,1,71,2,4.92,ambulance,medical,assets/icons/red/0074--71--nosebleed.png,assets/icons/yellow/0074--71--nosebleed.png,assets/icons/green/0074--71--nosebleed.png
75,72,Light Aircraft Crash,2,72 72/a,4,38.16,fire,aircraft,assets/icons/red/0075--72--light-aircraft-crash.png,assets/icons/yellow/0075--72--light-aircraft-crash.png,assets/icons/green/0075--72--light-aircraft-crash.png
76,73,Serious Accident Involving a Bus,4,73 73/a 73/b 73/ab,4,34.1,fire,fire,assets/icons/red/0076--73--serious-accident-involving-a-bus.png,assets/icons/yellow/0076--73--serious-accident-involving-a-bus.png,assets/icons/green/0076--73--serious-accident-involving-a-bus.png
77,74,Major fire,1,74,4,41.44,fire,fire,assets/icons/red/0077--74--major-fire.png,assets/icons/yellow/0077--74--major-fire.png,assets/icons/green/0077--74--major-fire.png
78,75,Partial Building Collapse,2,75 75/a,4,37.76,fire,collapse,assets/icons/red/0078--75--partial-building-collapse.png,assets/icons/yellow/0078--75--partial-building-collapse.png,assets/icons/green/0078--75--partial-building-collapse.png
79,76,Industrial Fire,2,76 76/a,4,31.49,fire,fire,assets/icons/red/0079--76--industrial-fire.png,assets/icons/yellow/0079--76--industrial-fire.png,assets/icons/green/0079--76--industrial-fire.png
80,77,Patient Transfer,1,77,1,0.4,ambulance,medical,assets/icons/red/0080--77--patient-transfer.png,assets/icons/yellow/0080--77--patient-transfer.png,assets/icons/green/0080--77--patient-transfer.png
81,78,Cardiac Arrest,1,78,3,11.48,ambulance,cardiac,assets/icons/red/0081--78--cardiac-arrest.png,assets/icons/yellow/0081--78--cardiac-arrest.png,assets/icons/green/0081--78--cardiac-arrest.png
82,79,Respiratory Arrest,1,79,3,11.58,ambulance,cardiac,assets/icons/red/0082--79--respiratory-arrest.png,assets/icons/yellow/0082--79--respiratory-arrest.png,assets/icons/green/0082--79--respiratory-arrest.png
83,80,Burning bogle,1,80,1,2.04,fire,fire,assets/icons/red/0083--80--burning-bogle.png,assets/icons/yellow/0083--80--burning-bogle.png,assets/icons/green/0083--80--burning-bogle.png
84,81,Burning pumpkin field,1,81,1,3.62,fire,fire,assets/icons/red/0084--81--burning-pumpkin-field.png,assets/icons/yellow/0084--81--burning-pumpkin-field.png,assets/icons/green/0084--81--burning-pumpkin-field.png
85,82,Pumpkin soup overcooked,1,82,2,8.78,fire,fire,assets/icons/red/0085--82--pumpkin-soup-overcooked.png,assets/icons/yellow/0085--82--pumpkin-soup-overcooked.png,assets/icons/green/0085--82--pumpkin-soup-overcooked.png
86,83,Witch in tree,1,83,2,9.04,fire,fire,assets/icons/red/0086--83--witch-in-tree.png,assets/icons/yellow/0086--83--witch-in-tree.png,assets/icons/green/0086--83--witch-in-tree.png
87,84,Zombie bite,1,84,2,4.98,ambulance,medical,assets/icons/red/0087--84--zombie-bite.png,assets/icons/yellow/0087--84--zombie-bite.png,assets/icons/green/0087--84--zombie-bite.png
88,85,Monster broke loose,1,85,2,6.22,police,police,assets/icons/red/0088--85--monster-broke-loose.png,assets/icons/yellow/0088--85--monster-broke-loose.png,assets/icons/green/0088--85--monster-broke-loose.png
89,86,Pumpkin stolen,1,86,1,1.56,police,crime,assets/icons/red/0089--86--pumpkin-stolen.png,assets/icons/yellow/0089--86--pumpkin-stolen.png,assets/icons/green/0089--86--pumpkin-stolen.png
90,87,Frankenstein sighted,1,87,2,4.3,police,police,assets/icons/red/0090--87--frankenstein-sighted.png,assets/icons/yellow/0090--87--frankenstein-sighted.png,assets/icons/green/0090--87--frankenstein-sighted.png
91,88,Candy theft,1,88,1,1.56,police,crime,assets/icons/red/0091--88--candy-theft.png,assets/icons/yellow/0091--88--candy-theft.png,assets/icons/green/0091--88--candy-theft.png
92,89,Road Traffic Collision (Major),2,89 89/a,5,77.33,fire,collision,assets/icons/red/0092--89--road-traffic-collision-major.png,assets/icons/yellow/0092--89--road-traffic-collision-major.png,assets/icons/green/0092--89--road-traffic-collision-major.png
93,90,Cyclist hit by HGV,1,90,4,28.37,fire,collision,assets/icons/red/0093--90--cyclist-hit-by-hgv.png,assets/icons/yellow/0093--90--cyclist-hit-by-hgv.png,assets/icons/green/0093--90--cyclist-hit-by-hgv.png
94,91,Fail to stop,1,91,3,15.24,police,police,assets/icons/red/0094--91--fail-to-stop.png,assets/icons/yellow/0094--91--fail-to-stop.png,assets/icons/green/0094--91--fail-to-stop.png
95,92,Person with a weapon,1,92,3,11.78,police,crime,assets/icons/red/0095--92--person-with-a-weapon.png,assets/icons/yellow/0095--92--person-with-a-weapon.png,assets/icons/green/0095--92--person-with-a-weapon.png
96,93,High-Risk Warrant,1,93,2,7.92,police,crime,assets/icons/red/0096--93--high-risk-warrant.png,assets/icons/yellow/0096--93--high-risk-warrant.png,assets/icons/green/0096--93--high-risk-warrant.png
97,94,School fire,1,94,4,24.37,fire,fire,assets/icons/red/0097--94--school-fire.png,assets/icons/yellow/0097--94--school-fire.png,assets/icons/green/0097--94--school-fire.png
98,95,Theft at christmas market,1,95,1,1.96,police,crime,assets/icons/red/0098--95--theft-at-christmas-market.png,assets/icons/yellow/0098--95--theft-at-christmas-market.png,assets/icons/green/0098--95--theft-at-christmas-market.png
99,96,Burning christmas market stall,1,96,2,9.58,fire,fire,assets/icons/red/0099--96--burning-christmas-market-stall.png,assets/icons/yellow/0099--96--burning-christmas-market-stall.png,assets/icons/green/0099--96--burning-christmas-market-stall.png
100,97,Fire at christmas market,1,97,2,9.18,fire,fire,assets/icons/red/0100--97--fire-at-christmas-market.png,assets/icons/yellow/0100--97--fire-at-christmas-market.png,assets/icons/green/0100--97--fire-at-christmas-market.png
101,98,Traffic accident - ice,1,98,3,12.55,fire,weather,assets/icons/red/0101--98--traffic-accident-ice.png,assets/icons/yellow/0101--98--traffic-accident-ice.png,assets/icons/green/0101--98--traffic-accident-ice.png
102,99,Burning christmas tree,1,99,1,2.64,fire,fire,assets/icons/red/0102--99--burning-christmas-tree.png,assets/icons/yellow/0102--99--burning-christmas-tree.png,assets/icons/green/0102--99--burning-christmas-tree.png
103,100,Burning advent wreath,1,100,1,2.57,fire,fire,assets/icons/red/0103--100--burning-advent-wreath.png,assets/icons/yellow/0103--100--burning-advent-wreath.png,assets/icons/green/0103--100--burning-advent-wreath.png
104,101,Brawl at christmas market,1,101,2,8.37,police,crowd,assets/icons/red/0104--101--brawl-at-christmas-market.png,assets/icons/yellow/0104--101--brawl-at-christmas-market.png,assets/icons/green/0104--101--brawl-at-christmas-market.png
105,102,Burning manufacturing machine,2,102 102/a,3,11.59,fire,fire,assets/icons/red/0105--102--burning-manufacturing-machine.png,assets/icons/yellow/0105--102--burning-manufacturing-machine.png,assets/icons/green/0105--102--burning-manufacturing-machine.png
106,103,Burning manufacturing machine,0,,2,0.0,mixed,fire,assets/icons/red/0106--103--burning-manufacturing-machine.png,assets/icons/yellow/0106--103--burning-manufacturing-machine.png,assets/icons/green/0106--103--burning-manufacturing-machine.png
107,104,Burning manufacturing machine,0,,3,0.0,mixed,fire,assets/icons/red/0107--104--burning-manufacturing-machine.png,assets/icons/yellow/0107--104--burning-manufacturing-machine.png,assets/icons/green/0107--104--burning-manufacturing-machine.png
108,105,Concern for welfare,1,105,3,10.73,police,rescue,assets/icons/red/0108--105--concern-for-welfare.png,assets/icons/yellow/0108--105--concern-for-welfare.png,assets/icons/green/0108--105--concern-for-welfare.png
109,106,Hit and Run,2,106 106/a,3,15.02,police,collision,assets/icons/red/0109--106--hit-and-run.png,assets/icons/yellow/0109--106--hit-and-run.png,assets/icons/green/0109--106--hit-and-run.png
110,107,Row of garages on fire,4,107 107/a 107/b 107/ab,3,17.99,fire,fire,assets/icons/red/0110--107--row-of-garages-on-fire.png,assets/icons/yellow/0110--107--row-of-garages-on-fire.png,assets/icons/green/0110--107--row-of-garages-on-fire.png
111,108,Thatched cottage fire,2,108 108/a,4,37.51,fire,fire,assets/icons/red/0111--108--thatched-cottage-fire.png,assets/icons/yellow/0111--108--thatched-cottage-fire.png,assets/icons/green/0111--108--thatched-cottage-fire.png
112,109,Trespasser on railway line,2,109 109/a,2,6.76,police,rail,assets/icons/red/0112--109--trespasser-on-railway-line.png,assets/icons/yellow/0112--109--trespasser-on-railway-line.png,assets/icons/green/0112--109--trespasser-on-railway-line.png
113,110,Trespasser on railway line,0,,2,0.0,mixed,rail,assets/icons/red/0113--110--trespasser-on-railway-line.png,assets/icons/yellow/0113--110--trespasser-on-railway-line.png,assets/icons/green/0113--110--trespasser-on-railway-line.png
114,111,Trespasser on railway line,0,,2,0.0,mixed,rail,assets/icons/red/0114--111--trespasser-on-railway-line.png,assets/icons/yellow/0114--111--trespasser-on-railway-line.png,assets/icons/green/0114--111--trespasser-on-railway-line.png
115,112,Trespasser on railway line,0,,3,0.0,mixed,rail,assets/icons/red/0115--112--trespasser-on-railway-line.png,assets/icons/yellow/0115--112--trespasser-on-railway-line.png,assets/icons/green/0115--112--trespasser-on-railway-line.png
116,113,Car ignited by fireworks,1,113,1,2.57,fire,eod,assets/icons/red/0116--113--car-ignited-by-fireworks.png,assets/icons/yellow/0116--113--car-ignited-by-fireworks.png,assets/icons/green/0116--113--car-ignited-by-fireworks.png
117,114,Rubbish bin ignited by fireworks,1,114,1,2.24,fire,eod,assets/icons/red/0117--114--rubbish-bin-ignited-by-fireworks.png,assets/icons/yellow/0117--114--rubbish-bin-ignited-by-fireworks.png,assets/icons/green/0117--114--rubbish-bin-ignited-by-fireworks.png
118,115,Small field fire caused by fireworks,1,115,1,3.76,fire,eod,assets/icons/red/0118--115--small-field-fire-caused-by-fireworks.png,assets/icons/yellow/0118--115--small-field-fire-caused-by-fireworks.png,assets/icons/green/0118--115--small-field-fire-caused-by-fireworks.png
119,116,Basement fire caused by fireworks,1,116,3,14.94,fire,eod,assets/icons/red/0119--116--basement-fire-caused-by-fireworks.png,assets/icons/yellow/0119--116--basement-fire-caused-by-fireworks.png,assets/icons/green/0119--116--basement-fire-caused-by-fireworks.png
120,117,Burning Bus shelter ignited by fireworks,1,117,1,2.67,fire,eod,assets/icons/red/0120--117--burning-bus-shelter-ignited-by-fireworks.png,assets/icons/yellow/0120--117--burning-bus-shelter-ignited-by-fireworks.png,assets/icons/green/0120--117--burning-bus-shelter-ignited-by-fireworks.png
121,118,Fire on balcony caused by fireworks,1,118,2,7.78,fire,eod,assets/icons/red/0121--118--fire-on-balcony-caused-by-fireworks.png,assets/icons/yellow/0121--118--fire-on-balcony-caused-by-fireworks.png,assets/icons/green/0121--118--fire-on-balcony-caused-by-fireworks.png
122,119,Clothes Recycling Bin ignited by fireworks,1,119,1,2.57,fire,eod,assets/icons/red/0122--119--clothes-recycling-bin-ignited-by-fireworks.png,assets/icons/yellow/0122--119--clothes-recycling-bin-ignited-by-fireworks.png,assets/icons/green/0122--119--clothes-recycling-bin-ignited-by-fireworks.png
123,120,Burning hedge ignited by firecracker,1,120,1,2.36,fire,fire,assets/icons/red/0123--120--burning-hedge-ignited-by-firecracker.png,assets/icons/yellow/0123--120--burning-hedge-ignited-by-firecracker.png,assets/icons/green/0123--120--burning-hedge-ignited-by-firecracker.png
124,121,Drunk driver after New Year's Eve party,1,121,1,2.24,police,marine,assets/icons/red/0124--121--drunk-driver-after-new-year-s-eve-party.png,assets/icons/yellow/0124--121--drunk-driver-after-new-year-s-eve-party.png,assets/icons/green/0124--121--drunk-driver-after-new-year-s-eve-party.png
125,122,Burning thatched roof house ignited by fireworks,1,122,4,33.62,fire,eod,assets/icons/red/0125--122--burning-thatched-roof-house-ignited-by-fireworks.png,assets/icons/yellow/0125--122--burning-thatched-roof-house-ignited-by-fireworks.png,assets/icons/green/0125--122--burning-thatched-roof-house-ignited-by-fireworks.png
126,123,Car damaged by fireworks,1,123,1,2.11,police,eod,assets/icons/red/0126--123--car-damaged-by-fireworks.png,assets/icons/yellow/0126--123--car-damaged-by-fireworks.png,assets/icons/green/0126--123--car-damaged-by-fireworks.png
127,124,Violation of Explosives Law,1,124,1,2.11,police,eod,assets/icons/red/0127--124--violation-of-explosives-law.png,assets/icons/yellow/0127--124--violation-of-explosives-law.png,assets/icons/green/0127--124--violation-of-explosives-law.png
128,125,Hand injury caused by fireworks,1,125,2,4.97,ambulance,eod,assets/icons/red/0128--125--hand-injury-caused-by-fireworks.png,assets/icons/yellow/0128--125--hand-injury-caused-by-fireworks.png,assets/icons/green/0128--125--hand-injury-caused-by-fireworks.png
129,126,HGV Fire,2,126 126/a,3,16.24,fire,fire,assets/icons/red/0129--126--hgv-fire.png,assets/icons/yellow/0129--126--hgv-fire.png,assets/icons/green/0129--126--hgv-fire.png
130,127,Bin Lorry Fire,1,127,3,14.49,fire,fire,assets/icons/red/0130--127--bin-lorry-fire.png,assets/icons/yellow/0130--127--bin-lorry-fire.png,assets/icons/green/0130--127--bin-lorry-fire.png
131,128,RTC Entrapment,2,128 128/a,3,19.95,fire,collision,assets/icons/red/0131--128--rtc-entrapment.png,assets/icons/yellow/0131--128--rtc-entrapment.png,assets/icons/green/0131--128--rtc-entrapment.png
132,129,Multi vehicle RTC,2,129 129/a,4,22.97,fire,collision,assets/icons/red/0132--129--multi-vehicle-rtc.png,assets/icons/yellow/0132--129--multi-vehicle-rtc.png,assets/icons/green/0132--129--multi-vehicle-rtc.png
133,130,Multi vehicle RTC entrapment,2,130 130/a,4,30.45,fire,collision,assets/icons/red/0133--130--multi-vehicle-rtc-entrapment.png,assets/icons/yellow/0133--130--multi-vehicle-rtc-entrapment.png,assets/icons/green/0133--130--multi-vehicle-rtc-entrapment.png
134,131,HGV Lost its load,1,131,2,9.2,fire,fire,assets/icons/red/0134--131--hgv-lost-its-load.png,assets/icons/yellow/0134--131--hgv-lost-its-load.png,assets/icons/green/0134--131--hgv-lost-its-load.png
135,132,HGV Lost its load (Livestock),1,132,3,12.77,fire,animal,assets/icons/red/0135--132--hgv-lost-its-load-livestock.png,assets/icons/yellow/0135--132--hgv-lost-its-load-livestock.png,assets/icons/green/0135--132--hgv-lost-its-load-livestock.png
136,133,HGV Lost its load (milk),1,133,3,17.3,fire,fire,assets/icons/red/0136--133--hgv-lost-its-load-milk.png,assets/icons/yellow/0136--133--hgv-lost-its-load-milk.png,assets/icons/green/0136--133--hgv-lost-its-load-milk.png
137,134,Goods Train Fire,4,134 134/a 134/b 134/ab,4,26.07,fire,rail,assets/icons/red/0137--134--goods-train-fire.png,assets/icons/yellow/0137--134--goods-train-fire.png,assets/icons/green/0137--134--goods-train-fire.png
138,135,Goods Train Fire,0,,3,0.0,mixed,rail,assets/icons/red/0138--135--goods-train-fire.png,assets/icons/yellow/0138--135--goods-train-fire.png,assets/icons/green/0138--135--goods-train-fire.png
139,136,Goods Train Fire,0,,3,0.0,mixed,rail,assets/icons/red/0139--136--goods-train-fire.png,assets/icons/yellow/0139--136--goods-train-fire.png,assets/icons/green/0139--136--goods-train-fire.png
140,137,Goods Train Fire,0,,4,0.0,mixed,rail,assets/icons/red/0140--137--goods-train-fire.png,assets/icons/yellow/0140--137--goods-train-fire.png,assets/icons/green/0140--137--goods-train-fire.png
141,138,Large Drunken Disorder,1,138,2,7.71,police,crowd,assets/icons/red/0141--138--large-drunken-disorder.png,assets/icons/yellow/0141--138--large-drunken-disorder.png,assets/icons/green/0141--138--large-drunken-disorder.png
142,139,Fire in silo,1,139,3,18.52,fire,fire,assets/icons/red/0142--139--fire-in-silo.png,assets/icons/yellow/0142--139--fire-in-silo.png,assets/icons/green/0142--139--fire-in-silo.png
143,140,Domestic Violence,1,140,3,11.3,police,crime,assets/icons/red/0143--140--domestic-violence.png,assets/icons/yellow/0143--140--domestic-violence.png,assets/icons/green/0143--140--domestic-violence.png
144,141,Choking,1,141,3,11.54,ambulance,medical,assets/icons/red/0144--141--choking.png,assets/icons/yellow/0144--141--choking.png,assets/icons/green/0144--141--choking.png
145,142,Barn fire,1,142,3,12.09,fire,fire,assets/icons/red/0145--142--barn-fire.png,assets/icons/yellow/0145--142--barn-fire.png,assets/icons/green/0145--142--barn-fire.png
146,143,Stuck Climber,2,143 143/a,4,21.59,fire,rescue,assets/icons/red/0146--143--stuck-climber.png,assets/icons/yellow/0146--143--stuck-climber.png,assets/icons/green/0146--143--stuck-climber.png
147,144,Threatening an official,1,144,2,8.23,police,police,assets/icons/red/0147--144--threatening-an-official.png,assets/icons/yellow/0147--144--threatening-an-official.png,assets/icons/green/0147--144--threatening-an-official.png
148,145,Fire in an office building - Major Incident,2,145 145/a,5,71.27,fire,fire,assets/icons/red/0148--145--fire-in-an-office-building-major-incident.png,assets/icons/yellow/0148--145--fire-in-an-office-building-major-incident.png,assets/icons/green/0148--145--fire-in-an-office-building-major-incident.png
149,146,Injured person on high voltage mast,2,146 146/a,3,15.9,ambulance,medical,assets/icons/red/0149--146--injured-person-on-high-voltage-mast.png,assets/icons/yellow/0149--146--injured-person-on-high-voltage-mast.png,assets/icons/green/0149--146--injured-person-on-high-voltage-mast.png
150,147,Spinal injury,1,147,2,5.01,ambulance,medical,assets/icons/red/0150--147--spinal-injury.png,assets/icons/yellow/0150--147--spinal-injury.png,assets/icons/green/0150--147--spinal-injury.png
151,148,Partial collapse of the building,0,,3,0.0,mixed,collapse,assets/icons/red/0151--148--partial-collapse-of-the-building.png,assets/icons/yellow/0151--148--partial-collapse-of-the-building.png,assets/icons/green/0151--148--partial-collapse-of-the-building.png
152,149,Building collapse,4,149 149-0 149-1 149-2,5,66.98,fire,collapse,assets/icons/red/0152--149--building-collapse.png,assets/icons/yellow/0152--149--building-collapse.png,assets/icons/green/0152--149--building-collapse.png
153,150,3rd degree burns,1,150,2,5.12,ambulance,medical,assets/icons/red/0153--150--3rd-degree-burns.png,assets/icons/yellow/0153--150--3rd-degree-burns.png,assets/icons/green/0153--150--3rd-degree-burns.png
154,151,Serious head injury,1,151,2,7.11,ambulance,medical,assets/icons/red/0154--151--serious-head-injury.png,assets/icons/yellow/0154--151--serious-head-injury.png,assets/icons/green/0154--151--serious-head-injury.png
155,152,Traumatic limb amputation,1,152,2,5.1,ambulance,medical,assets/icons/red/0155--152--traumatic-limb-amputation.png,assets/icons/yellow/0155--152--traumatic-limb-amputation.png,assets/icons/green/0155--152--traumatic-limb-amputation.png
156,153,Hay shed fire - Large,1,153,4,32.1,fire,fire,assets/icons/red/0156--153--hay-shed-fire-large.png,assets/icons/yellow/0156--153--hay-shed-fire-large.png,assets/icons/green/0156--153--hay-shed-fire-large.png
157,154,Back pain,1,154,2,5.01,ambulance,medical,assets/icons/red/0157--154--back-pain.png,assets/icons/yellow/0157--154--back-pain.png,assets/icons/green/0157--154--back-pain.png
158,155,Suspicious package,1,155,3,12.48,police,eod,assets/icons/red/0158--155--suspicious-package.png,assets/icons/yellow/0158--155--suspicious-package.png,assets/icons/green/0158--155--suspicious-package.png
159,156,Heatstroke,1,156,2,4.92,ambulance,medical,assets/icons/red/0159--156--heatstroke.png,assets/icons/yellow/0159--156--heatstroke.png,assets/icons/green/0159--156--heatstroke.png
160,157,Easter egg stolen from basket,1,157,1,1.56,police,crime,assets/icons/red/0160--157--easter-egg-stolen-from-basket.png,assets/icons/yellow/0160--157--easter-egg-stolen-from-basket.png,assets/icons/green/0160--157--easter-egg-stolen-from-basket.png
161,158,Chocolate Egg heist,1,158,1,1.68,police,police,assets/icons/red/0161--158--chocolate-egg-heist.png,assets/icons/yellow/0161--158--chocolate-egg-heist.png,assets/icons/green/0161--158--chocolate-egg-heist.png
162,159,Collapsed rabbit hole,1,159,3,16.16,fire,collapse,assets/icons/red/0162--159--collapsed-rabbit-hole.png,assets/icons/yellow/0162--159--collapsed-rabbit-hole.png,assets/icons/green/0162--159--collapsed-rabbit-hole.png
163,160,Easter bunny hit by car,1,160,2,9.29,police,police,assets/icons/red/0163--160--easter-bunny-hit-by-car.png,assets/icons/yellow/0163--160--easter-bunny-hit-by-car.png,assets/icons/green/0163--160--easter-bunny-hit-by-car.png
164,161,Bulk Easter Egg pile fire,1,161,1,1.58,fire,fire,assets/icons/red/0164--161--bulk-easter-egg-pile-fire.png,assets/icons/yellow/0164--161--bulk-easter-egg-pile-fire.png,assets/icons/green/0164--161--bulk-easter-egg-pile-fire.png
165,162,Chocolate Tanker Spill,1,162,4,27.16,fire,hazmat,assets/icons/red/0165--162--chocolate-tanker-spill.png,assets/icons/yellow/0165--162--chocolate-tanker-spill.png,assets/icons/green/0165--162--chocolate-tanker-spill.png
166,163,Flashover when boiling eggs,1,163,1,3.57,fire,fire,assets/icons/red/0166--163--flashover-when-boiling-eggs.png,assets/icons/yellow/0166--163--flashover-when-boiling-eggs.png,assets/icons/green/0166--163--flashover-when-boiling-eggs.png
167,164,Easter market fair,1,164,4,22.07,police,police,assets/icons/red/0167--164--easter-market-fair.png,assets/icons/yellow/0167--164--easter-market-fair.png,assets/icons/green/0167--164--easter-market-fair.png
168,165,Easter Egg lorry crash,1,165,3,13.03,fire,collision,assets/icons/red/0168--165--easter-egg-lorry-crash.png,assets/icons/yellow/0168--165--easter-egg-lorry-crash.png,assets/icons/green/0168--165--easter-egg-lorry-crash.png
169,166,Easter egg hunt,1,166,2,7.76,police,police,assets/icons/red/0169--166--easter-egg-hunt.png,assets/icons/yellow/0169--166--easter-egg-hunt.png,assets/icons/green/0169--166--easter-egg-hunt.png
170,167,Easter bunny on crane,1,167,3,10.18,fire,fire,assets/icons/red/0170--167--easter-bunny-on-crane.png,assets/icons/yellow/0170--167--easter-bunny-on-crane.png,assets/icons/green/0170--167--easter-bunny-on-crane.png
171,168,Trench Rescue,2,168 168/a,4,32.8,fire,rescue,assets/icons/red/0171--168--trench-rescue.png,assets/icons/yellow/0171--168--trench-rescue.png,assets/icons/green/0171--168--trench-rescue.png
172,169,Heathland fire - large,2,169 169/a,4,26.34,fire,fire,assets/icons/red/0172--169--heathland-fire-large.png,assets/icons/yellow/0172--169--heathland-fire-large.png,assets/icons/green/0172--169--heathland-fire-large.png
173,170,Anaphylaxis,1,170,3,11.46,ambulance,cardiac,assets/icons/red/0173--170--anaphylaxis.png,assets/icons/yellow/0173--170--anaphylaxis.png,assets/icons/green/0173--170--anaphylaxis.png
174,171,Thatched Cottage Chimney Fire,1,171,2,8.07,fire,fire,assets/icons/red/0174--171--thatched-cottage-chimney-fire.png,assets/icons/yellow/0174--171--thatched-cottage-chimney-fire.png,assets/icons/green/0174--171--thatched-cottage-chimney-fire.png
175,172,Commercial Burglary,1,172,2,7.48,police,crime,assets/icons/red/0175--172--commercial-burglary.png,assets/icons/yellow/0175--172--commercial-burglary.png,assets/icons/green/0175--172--commercial-burglary.png
176,173,Warehouse Fire - Major Incident,2,173 173/a,5,63.58,fire,fire,assets/icons/red/0176--173--warehouse-fire-major-incident.png,assets/icons/yellow/0176--173--warehouse-fire-major-incident.png,assets/icons/green/0176--173--warehouse-fire-major-incident.png
177,174,Warehouse Fire - Major Incident,0,,4,5.0,mixed,fire,assets/icons/red/0177--174--warehouse-fire-major-incident.png,assets/icons/yellow/0177--174--warehouse-fire-major-incident.png,assets/icons/green/0177--174--warehouse-fire-major-incident.png
178,175,Landfill fire,1,175,3,14.77,fire,fire,assets/icons/red/0178--175--landfill-fire.png,assets/icons/yellow/0178--175--landfill-fire.png,assets/icons/green/0178--175--landfill-fire.png
179,176,Possession of illegal weapons,1,176,2,8.78,police,crime,assets/icons/red/0179--176--possession-of-illegal-weapons.png,assets/icons/yellow/0179--176--possession-of-illegal-weapons.png,assets/icons/green/0179--176--possession-of-illegal-weapons.png
180,177,Large field fire,2,177 177/a,4,35.51,fire,fire,assets/icons/red/0180--177--large-field-fire.png,assets/icons/yellow/0180--177--large-field-fire.png,assets/icons/green/0180--177--large-field-fire.png
181,178,Medium forest fire,1,178,3,13.12,fire,fire,assets/icons/red/0181--178--medium-forest-fire.png,assets/icons/yellow/0181--178--medium-forest-fire.png,assets/icons/green/0181--178--medium-forest-fire.png
182,179,Hare Coursing,1,179,2,7.48,police,police,assets/icons/red/0182--179--hare-coursing.png,assets/icons/yellow/0182--179--hare-coursing.png,assets/icons/green/0182--179--hare-coursing.png
183,180,Fire involving Acetylene cylinders,1,180,2,8.81,fire,fire,assets/icons/red/0183--180--fire-involving-acetylene-cylinders.png,assets/icons/yellow/0183--180--fire-involving-acetylene-cylinders.png,assets/icons/green/0183--180--fire-involving-acetylene-cylinders.png
184,181,Flat Fire in High Rise,2,181 181/a,4,25.57,fire,fire,assets/icons/red/0184--181--flat-fire-in-high-rise.png,assets/icons/yellow/0184--181--flat-fire-in-high-rise.png,assets/icons/green/0184--181--flat-fire-in-high-rise.png
185,182,Flat Fire in High Rise - Persons Reported,2,182 182/a,4,37.18,fire,fire,assets/icons/red/0185--182--flat-fire-in-high-rise-persons-reported.png,assets/icons/yellow/0185--182--flat-fire-in-high-rise-persons-reported.png,assets/icons/green/0185--182--flat-fire-in-high-rise-persons-reported.png
186,183,Fire alarm activation in high rise premises,1,183,2,7.15,fire,fire,assets/icons/red/0186--183--fire-alarm-activation-in-high-rise-premises.png,assets/icons/yellow/0186--183--fire-alarm-activation-in-high-rise-premises.png,assets/icons/green/0186--183--fire-alarm-activation-in-high-rise-premises.png
187,184,Sunstroke,1,184,2,5.79,ambulance,medical,assets/icons/red/0187--184--sunstroke.png,assets/icons/yellow/0187--184--sunstroke.png,assets/icons/green/0187--184--sunstroke.png
188,185,Heat stroke,1,185,2,5.83,ambulance,medical,assets/icons/red/0188--185--heat-stroke.png,assets/icons/yellow/0188--185--heat-stroke.png,assets/icons/green/0188--185--heat-stroke.png
189,186,Heat cramp,1,186,2,5.82,ambulance,medical,assets/icons/red/0189--186--heat-cramp.png,assets/icons/yellow/0189--186--heat-cramp.png,assets/icons/green/0189--186--heat-cramp.png
190,187,Dehydrated person,1,187,2,5.82,ambulance,medical,assets/icons/red/0190--187--dehydrated-person.png,assets/icons/yellow/0190--187--dehydrated-person.png,assets/icons/green/0190--187--dehydrated-person.png
191,188,Barbecue fire,1,188,1,2.36,fire,fire,assets/icons/red/0191--188--barbecue-fire.png,assets/icons/yellow/0191--188--barbecue-fire.png,assets/icons/green/0191--188--barbecue-fire.png
192,189,Hotel fire (small),1,189,3,17.23,fire,fire,assets/icons/red/0192--189--hotel-fire-small.png,assets/icons/yellow/0192--189--hotel-fire-small.png,assets/icons/green/0192--189--hotel-fire-small.png
193,190,Hotel fire (medium),1,190,4,24.95,fire,fire,assets/icons/red/0193--190--hotel-fire-medium.png,assets/icons/yellow/0193--190--hotel-fire-medium.png,assets/icons/green/0193--190--hotel-fire-medium.png
194,191,Traffic light failure,1,191,1,1.88,police,police,assets/icons/red/0194--191--traffic-light-failure.png,assets/icons/yellow/0194--191--traffic-light-failure.png,assets/icons/green/0194--191--traffic-light-failure.png
195,192,Hotel fire (large),2,192 192/a,4,49.68,fire,fire,assets/icons/red/0195--192--hotel-fire-large.png,assets/icons/yellow/0195--192--hotel-fire-large.png,assets/icons/green/0195--192--hotel-fire-large.png
196,193,Hotel fire (major),4,193 193-0 193-1 193-2,5,92.77,fire,fire,assets/icons/red/0196--193--hotel-fire-major.png,assets/icons/yellow/0196--193--hotel-fire-major.png,assets/icons/green/0196--193--hotel-fire-major.png
197,194,Allergic reaction,1,194,2,4.92,ambulance,medical,assets/icons/red/0197--194--allergic-reaction.png,assets/icons/yellow/0197--194--allergic-reaction.png,assets/icons/green/0197--194--allergic-reaction.png
198,195,Flat Fire in Clad High Rise,2,195 195/a,4,30.08,fire,fire,assets/icons/red/0198--195--flat-fire-in-clad-high-rise.png,assets/icons/yellow/0198--195--flat-fire-in-clad-high-rise.png,assets/icons/green/0198--195--flat-fire-in-clad-high-rise.png
199,196,Flat Fire in Clad High Rise - Persons Reported,2,196 196/a,4,43.05,fire,fire,assets/icons/red/0199--196--flat-fire-in-clad-high-rise-persons-reported.png,assets/icons/yellow/0199--196--flat-fire-in-clad-high-rise-persons-reported.png,assets/icons/green/0199--196--flat-fire-in-clad-high-rise-persons-reported.png
200,197,Fire alarm activation in Clad High Rise premises,1,197,2,7.15,fire,fire,assets/icons/red/0200--197--fire-alarm-activation-in-clad-high-rise-premises.png,assets/icons/yellow/0200--197--fire-alarm-activation-in-clad-high-rise-premises.png,assets/icons/green/0200--197--fire-alarm-activation-in-clad-high-rise-premises.png
201,198,Large public disturbance,2,198 198/a,4,29.58,police,police,assets/icons/red/0201--198--large-public-disturbance.png,assets/icons/yellow/0201--198--large-public-disturbance.png,assets/icons/green/0201--198--large-public-disturbance.png
202,199,Possible sighting of wanted person,1,199,1,1.86,police,police,assets/icons/red/0202--199--possible-sighting-of-wanted-person.png,assets/icons/yellow/0202--199--possible-sighting-of-wanted-person.png,assets/icons/green/0202--199--possible-sighting-of-wanted-person.png
203,200,Possible sighting of wanted person with a violence markers,1,200,2,5.36,police,police,assets/icons/red/0203--200--possible-sighting-of-wanted-person-with-a-violence-markers.png,assets/icons/yellow/0203--200--possible-sighting-of-wanted-person-with-a-violence-markers.png,assets/icons/green/0203--200--possible-sighting-of-wanted-person-with-a-violence-markers.png
204,201,Possible sighting of wanted person with a firearms markers,1,201,2,5.92,police,fire,assets/icons/red/0204--201--possible-sighting-of-wanted-person-with-a-firearms-markers.png,assets/icons/yellow/0204--201--possible-sighting-of-wanted-person-with-a-firearms-markers.png,assets/icons/green/0204--201--possible-sighting-of-wanted-person-with-a-firearms-markers.png
205,202,Release of a person,1,202,1,1.79,fire,fire,assets/icons/red/0205--202--release-of-a-person.png,assets/icons/yellow/0205--202--release-of-a-person.png,assets/icons/green/0205--202--release-of-a-person.png
206,203,Release of an item from a person,1,203,1,1.79,fire,fire,assets/icons/red/0206--203--release-of-an-item-from-a-person.png,assets/icons/yellow/0206--203--release-of-an-item-from-a-person.png,assets/icons/green/0206--203--release-of-an-item-from-a-person.png
207,204,Internal flooding (Risk to life),1,204,3,12.78,fire,weather,assets/icons/red/0207--204--internal-flooding-risk-to-life.png,assets/icons/yellow/0207--204--internal-flooding-risk-to-life.png,assets/icons/green/0207--204--internal-flooding-risk-to-life.png
208,205,Statement Gathering,1,205,1,1.79,police,police,assets/icons/red/0208--205--statement-gathering.png,assets/icons/yellow/0208--205--statement-gathering.png,assets/icons/green/0208--205--statement-gathering.png
209,206,Firearms Attack,1,206,4,39.33,police,fire,assets/icons/red/0209--206--firearms-attack.png,assets/icons/yellow/0209--206--firearms-attack.png,assets/icons/green/0209--206--firearms-attack.png
210,207,Firearms Attack (Major Incident),2,207 207/a,5,58.02,police,fire,assets/icons/red/0210--207--firearms-attack-major-incident.png,assets/icons/yellow/0210--207--firearms-attack-major-incident.png,assets/icons/green/0210--207--firearms-attack-major-incident.png
211,208,Domestic smoke alarm activation,1,208,1,2.36,fire,fire,assets/icons/red/0211--208--domestic-smoke-alarm-activation.png,assets/icons/yellow/0211--208--domestic-smoke-alarm-activation.png,assets/icons/green/0211--208--domestic-smoke-alarm-activation.png
212,209,House fire,1,209,2,6.8,fire,fire,assets/icons/red/0212--209--house-fire.png,assets/icons/yellow/0212--209--house-fire.png,assets/icons/green/0212--209--house-fire.png
213,210,House fire (Persons Reported),1,210,4,21.4,fire,fire,assets/icons/red/0213--210--house-fire-persons-reported.png,assets/icons/yellow/0213--210--house-fire-persons-reported.png,assets/icons/green/0213--210--house-fire-persons-reported.png
214,211,Railway Embankement Fire,1,211,1,3.92,fire,rail,assets/icons/red/0214--211--railway-embankement-fire.png,assets/icons/yellow/0214--211--railway-embankement-fire.png,assets/icons/green/0214--211--railway-embankement-fire.png
215,212,Railway Embankement Fire,0,,2,0.0,mixed,rail,assets/icons/red/0215--212--railway-embankement-fire.png,assets/icons/yellow/0215--212--railway-embankement-fire.png,assets/icons/green/0215--212--railway-embankement-fire.png
216,213,Railway Embankement Fire,0,,3,0.0,mixed,rail,assets/icons/red/0216--213--railway-embankement-fire.png,assets/icons/yellow/0216--213--railway-embankement-fire.png,assets/icons/green/0216--213--railway-embankement-fire.png
217,214,Railway Embankement Fire,0,,3,0.0,mixed,rail,assets/icons/red/0217--214--railway-embankement-fire.png,assets/icons/yellow/0217--214--railway-embankement-fire.png,assets/icons/green/0217--214--railway-embankement-fire.png
218,215,CBRNE incident in a public place,4,215 215-0 215-1 215-2,5,78.31,police,hazmat,assets/icons/red/0218--215--cbrne-incident-in-a-public-place.png,assets/icons/yellow/0218--215--cbrne-incident-in-a-public-place.png,assets/icons/green/0218--215--cbrne-incident-in-a-public-place.png
219,216,Parachutist stuck in tree,1,216,3,16.72,fire,rescue,assets/icons/red/0219--216--parachutist-stuck-in-tree.png,assets/icons/yellow/0219--216--parachutist-stuck-in-tree.png,assets/icons/green/0219--216--parachutist-stuck-in-tree.png
220,217,Diabetic problems,1,217,2,4.94,ambulance,medical,assets/icons/red/0220--217--diabetic-problems.png,assets/icons/yellow/0220--217--diabetic-problems.png,assets/icons/green/0220--217--diabetic-problems.png
221,218,Animal Attack,1,218,2,9.31,police,animal,assets/icons/red/0221--218--animal-attack.png,assets/icons/yellow/0221--218--animal-attack.png,assets/icons/green/0221--218--animal-attack.png
222,219,Food Poisoning,1,219,1,2.42,ambulance,hazmat,assets/icons/red/0222--219--food-poisoning.png,assets/icons/yellow/0222--219--food-poisoning.png,assets/icons/green/0222--219--food-poisoning.png
223,220,Child Birth,1,220,2,4.96,ambulance,medical,assets/icons/red/0223--220--child-birth.png,assets/icons/yellow/0223--220--child-birth.png,assets/icons/green/0223--220--child-birth.png
224,221,Breathing Problems,1,221,2,4.99,ambulance,medical,assets/icons/red/0224--221--breathing-problems.png,assets/icons/yellow/0224--221--breathing-problems.png,assets/icons/green/0224--221--breathing-problems.png
225,222,Breathing Problems,1,222,2,4.99,ambulance,medical,assets/icons/red/0225--222--breathing-problems.png,assets/icons/yellow/0225--222--breathing-problems.png,assets/icons/green/0225--222--breathing-problems.png
226,223,Breathing Problems,1,223,2,4.96,ambulance,medical,assets/icons/red/0226--223--breathing-problems.png,assets/icons/yellow/0226--223--breathing-problems.png,assets/icons/green/0226--223--breathing-problems.png
227,224,Back Pain,1,224,2,4.97,ambulance,medical,assets/icons/red/0227--224--back-pain.png,assets/icons/yellow/0227--224--back-pain.png,assets/icons/green/0227--224--back-pain.png
228,225,ANPR Activation (RPU) (County Lines),1,225,3,12.52,police,police,assets/icons/red/0228--225--anpr-activation-rpu-county-lines.png,assets/icons/yellow/0228--225--anpr-activation-rpu-county-lines.png,assets/icons/green/0228--225--anpr-activation-rpu-county-lines.png
229,226,ANPR Activation (RPU) (Wanted Person),1,226,2,9.09,police,police,assets/icons/red/0229--226--anpr-activation-rpu-wanted-person.png,assets/icons/yellow/0229--226--anpr-activation-rpu-wanted-person.png,assets/icons/green/0229--226--anpr-activation-rpu-wanted-person.png
230,227,Traffic stop (RPU) (No Insurance),1,227,1,4.12,police,police,assets/icons/red/0230--227--traffic-stop-rpu-no-insurance.png,assets/icons/yellow/0230--227--traffic-stop-rpu-no-insurance.png,assets/icons/green/0230--227--traffic-stop-rpu-no-insurance.png
231,228,Traffic stop (RPU) (No Tax),1,228,1,4.12,police,police,assets/icons/red/0231--228--traffic-stop-rpu-no-tax.png,assets/icons/yellow/0231--228--traffic-stop-rpu-no-tax.png,assets/icons/green/0231--228--traffic-stop-rpu-no-tax.png
232,229,Traffic stop (RPU) (No MOT),1,229,1,4.12,police,police,assets/icons/red/0232--229--traffic-stop-rpu-no-mot.png,assets/icons/yellow/0232--229--traffic-stop-rpu-no-mot.png,assets/icons/green/0232--229--traffic-stop-rpu-no-mot.png
233,230,Traffic stop (RPU) (Dangerous Driving),1,230,1,4.12,police,police,assets/icons/red/0233--230--traffic-stop-rpu-dangerous-driving.png,assets/icons/yellow/0233--230--traffic-stop-rpu-dangerous-driving.png,assets/icons/green/0233--230--traffic-stop-rpu-dangerous-driving.png
234,231,Speed Enforcement (RPU),1,231,1,3.89,police,police,assets/icons/red/0234--231--speed-enforcement-rpu.png,assets/icons/yellow/0234--231--speed-enforcement-rpu.png,assets/icons/green/0234--231--speed-enforcement-rpu.png
235,232,Manhole fire,1,232,2,4.46,fire,fire,assets/icons/red/0235--232--manhole-fire.png,assets/icons/yellow/0235--232--manhole-fire.png,assets/icons/green/0235--232--manhole-fire.png
236,233,Person under tree,1,233,4,23.39,fire,fire,assets/icons/red/0236--233--person-under-tree.png,assets/icons/yellow/0236--233--person-under-tree.png,assets/icons/green/0236--233--person-under-tree.png
237,234,Concert,1,234,3,17.05,fire,fire,assets/icons/red/0237--234--concert.png,assets/icons/yellow/0237--234--concert.png,assets/icons/green/0237--234--concert.png
238,235,Museum Fire,1,235,4,35.91,fire,fire,assets/icons/red/0238--235--museum-fire.png,assets/icons/yellow/0238--235--museum-fire.png,assets/icons/green/0238--235--museum-fire.png
239,236,Burning freight car,2,236 236/a,3,13.27,fire,fire,assets/icons/red/0239--236--burning-freight-car.png,assets/icons/yellow/0239--236--burning-freight-car.png,assets/icons/green/0239--236--burning-freight-car.png
240,237,Speed Detection,1,237,2,4.48,police,police,assets/icons/red/0240--237--speed-detection.png,assets/icons/yellow/0240--237--speed-detection.png,assets/icons/green/0240--237--speed-detection.png
241,238,Restaurant fire,1,238,4,41.1,fire,fire,assets/icons/red/0241--238--restaurant-fire.png,assets/icons/yellow/0241--238--restaurant-fire.png,assets/icons/green/0241--238--restaurant-fire.png
242,239,Stop and Search,1,239,1,1.96,police,rescue,assets/icons/red/0242--239--stop-and-search.png,assets/icons/yellow/0242--239--stop-and-search.png,assets/icons/green/0242--239--stop-and-search.png
243,240,Fire in shopping centre,2,240 240/a,4,44.81,fire,fire,assets/icons/red/0243--240--fire-in-shopping-centre.png,assets/icons/yellow/0243--240--fire-in-shopping-centre.png,assets/icons/green/0243--240--fire-in-shopping-centre.png
244,241,HGV carrying hazardous load on fire,2,241 241/a,4,48.59,fire,hazmat,assets/icons/red/0244--241--hgv-carrying-hazardous-load-on-fire.png,assets/icons/yellow/0244--241--hgv-carrying-hazardous-load-on-fire.png,assets/icons/green/0244--241--hgv-carrying-hazardous-load-on-fire.png
245,242,Nuclear Power Station Incident (Major Incident),4,242 242-0 242-1 242-2,5,118.6,fire,hazmat,assets/icons/red/0245--242--nuclear-power-station-incident-major-incident.png,assets/icons/yellow/0245--242--nuclear-power-station-incident-major-incident.png,assets/icons/green/0245--242--nuclear-power-station-incident-major-incident.png
246,243,Large Forest Fire,2,243 243/a,4,30.65,fire,fire,assets/icons/red/0246--243--large-forest-fire.png,assets/icons/yellow/0246--243--large-forest-fire.png,assets/icons/green/0246--243--large-forest-fire.png
247,244,Stack of tyres on fire,2,244 244/a,4,46.11,fire,fire,assets/icons/red/0247--244--stack-of-tyres-on-fire.png,assets/icons/yellow/0247--244--stack-of-tyres-on-fire.png,assets/icons/green/0247--244--stack-of-tyres-on-fire.png
248,245,Stack of tyres on fire,0,,2,0.0,mixed,fire,assets/icons/red/0248--245--stack-of-tyres-on-fire.png,assets/icons/yellow/0248--245--stack-of-tyres-on-fire.png,assets/icons/green/0248--245--stack-of-tyres-on-fire.png
249,246,Stack of tyres on fire,0,,3,0.0,mixed,fire,assets/icons/red/0249--246--stack-of-tyres-on-fire.png,assets/icons/yellow/0249--246--stack-of-tyres-on-fire.png,assets/icons/green/0249--246--stack-of-tyres-on-fire.png
250,247,Stack of tyres on fire,0,,3,0.0,mixed,fire,assets/icons/red/0250--247--stack-of-tyres-on-fire.png,assets/icons/yellow/0250--247--stack-of-tyres-on-fire.png,assets/icons/green/0250--247--stack-of-tyres-on-fire.png
251,248,Burning manure pile,1,248,2,5.8,fire,fire,assets/icons/red/0251--248--burning-manure-pile.png,assets/icons/yellow/0251--248--burning-manure-pile.png,assets/icons/green/0251--248--burning-manure-pile.png
252,249,Large Hay bale stack on fire,1,249,2,9.13,fire,fire,assets/icons/red/0252--249--large-hay-bale-stack-on-fire.png,assets/icons/yellow/0252--249--large-hay-bale-stack-on-fire.png,assets/icons/green/0252--249--large-hay-bale-stack-on-fire.png
253,250,Harvester on fire in field,1,250,2,5.41,fire,fire,assets/icons/red/0253--250--harvester-on-fire-in-field.png,assets/icons/yellow/0253--250--harvester-on-fire-in-field.png,assets/icons/green/0253--250--harvester-on-fire-in-field.png
254,251,Fire in munitions dump,2,251 251/a,3,19.95,fire,eod,assets/icons/red/0254--251--fire-in-munitions-dump.png,assets/icons/yellow/0254--251--fire-in-munitions-dump.png,assets/icons/green/0254--251--fire-in-munitions-dump.png
255,252,Suspicious Person,1,252,1,1.96,police,police,assets/icons/red/0255--252--suspicious-person.png,assets/icons/yellow/0255--252--suspicious-person.png,assets/icons/green/0255--252--suspicious-person.png
256,253,Electrocution,1,253,2,5.01,ambulance,medical,assets/icons/red/0256--253--electrocution.png,assets/icons/yellow/0256--253--electrocution.png,assets/icons/green/0256--253--electrocution.png
257,254,Street market patrol,1,254,1,4.04,police,police,assets/icons/red/0257--254--street-market-patrol.png,assets/icons/yellow/0257--254--street-market-patrol.png,assets/icons/green/0257--254--street-market-patrol.png
258,255,Bus on fire,1,255,3,17.35,fire,fire,assets/icons/red/0258--255--bus-on-fire.png,assets/icons/yellow/0258--255--bus-on-fire.png,assets/icons/green/0258--255--bus-on-fire.png
259,256,Heathland fire - medium,1,256,3,19.65,fire,fire,assets/icons/red/0259--256--heathland-fire-medium.png,assets/icons/yellow/0259--256--heathland-fire-medium.png,assets/icons/green/0259--256--heathland-fire-medium.png
260,257,Injury through early exploding firework,1,257,2,5.34,ambulance,eod,assets/icons/red/0260--257--injury-through-early-exploding-firework.png,assets/icons/yellow/0260--257--injury-through-early-exploding-firework.png,assets/icons/green/0260--257--injury-through-early-exploding-firework.png
261,258,Injury from improper use of fireworks,1,258,2,5.7,ambulance,eod,assets/icons/red/0261--258--injury-from-improper-use-of-fireworks.png,assets/icons/yellow/0261--258--injury-from-improper-use-of-fireworks.png,assets/icons/green/0261--258--injury-from-improper-use-of-fireworks.png
262,259,Person hit by firework-explosive,1,259,2,4.98,ambulance,eod,assets/icons/red/0262--259--person-hit-by-firework-explosive.png,assets/icons/yellow/0262--259--person-hit-by-firework-explosive.png,assets/icons/green/0262--259--person-hit-by-firework-explosive.png
263,260,Seizure caused by watching firework,1,260,3,11.48,ambulance,eod,assets/icons/red/0263--260--seizure-caused-by-watching-firework.png,assets/icons/yellow/0263--260--seizure-caused-by-watching-firework.png,assets/icons/green/0263--260--seizure-caused-by-watching-firework.png
264,261,Guarding inner-city New Year's Eve party,1,261,3,13.0,police,crowd,assets/icons/red/0264--261--guarding-inner-city-new-year-s-eve-party.png,assets/icons/yellow/0264--261--guarding-inner-city-new-year-s-eve-party.png,assets/icons/green/0264--261--guarding-inner-city-new-year-s-eve-party.png
265,262,Usage of illegal firework,1,262,3,10.76,police,eod,assets/icons/red/0265--262--usage-of-illegal-firework.png,assets/icons/yellow/0265--262--usage-of-illegal-firework.png,assets/icons/green/0265--262--usage-of-illegal-firework.png
266,263,Usage of fireworks near road,1,263,1,1.96,police,eod,assets/icons/red/0266--263--usage-of-fireworks-near-road.png,assets/icons/yellow/0266--263--usage-of-fireworks-near-road.png,assets/icons/green/0266--263--usage-of-fireworks-near-road.png
267,264,Car crash caused by firework-usage near road,1,264,3,15.69,police,eod,assets/icons/red/0267--264--car-crash-caused-by-firework-usage-near-road.png,assets/icons/yellow/0267--264--car-crash-caused-by-firework-usage-near-road.png,assets/icons/green/0267--264--car-crash-caused-by-firework-usage-near-road.png
268,265,Sabotaged firework,1,265,2,6.48,police,eod,assets/icons/red/0268--265--sabotaged-firework.png,assets/icons/yellow/0268--265--sabotaged-firework.png,assets/icons/green/0268--265--sabotaged-firework.png
269,266,Motorcross Accident,2,266 266/a,3,13.27,ambulance,medical,assets/icons/red/0269--266--motorcross-accident.png,assets/icons/yellow/0269--266--motorcross-accident.png,assets/icons/green/0269--266--motorcross-accident.png
270,267,Flooding on carriageway,1,267,2,7.3,police,weather,assets/icons/red/0270--267--flooding-on-carriageway.png,assets/icons/yellow/0270--267--flooding-on-carriageway.png,assets/icons/green/0270--267--flooding-on-carriageway.png
271,268,HGV Rollover Down Embankment,2,268 268/a,4,21.45,fire,collision,assets/icons/red/0271--268--hgv-rollover-down-embankment.png,assets/icons/yellow/0271--268--hgv-rollover-down-embankment.png,assets/icons/green/0271--268--hgv-rollover-down-embankment.png
272,269,Illegal internet activity,1,269,1,2.24,police,police,assets/icons/red/0272--269--illegal-internet-activity.png,assets/icons/yellow/0272--269--illegal-internet-activity.png,assets/icons/green/0272--269--illegal-internet-activity.png
273,270,Fire in petrol station shop (small),1,270,1,4.12,fire,fire,assets/icons/red/0273--270--fire-in-petrol-station-shop-small.png,assets/icons/yellow/0273--270--fire-in-petrol-station-shop-small.png,assets/icons/green/0273--270--fire-in-petrol-station-shop-small.png
274,271,Fire in petrol station shop (Medium),1,271,2,9.08,fire,fire,assets/icons/red/0274--271--fire-in-petrol-station-shop-medium.png,assets/icons/yellow/0274--271--fire-in-petrol-station-shop-medium.png,assets/icons/green/0274--271--fire-in-petrol-station-shop-medium.png
275,272,Fire in petrol station (large),4,272 272/a 272/b 272/ab,4,32.06,fire,fire,assets/icons/red/0275--272--fire-in-petrol-station-large.png,assets/icons/yellow/0275--272--fire-in-petrol-station-large.png,assets/icons/green/0275--272--fire-in-petrol-station-large.png
276,273,Large fuel spill in petrol station forecourt,1,273,2,9.08,fire,hazmat,assets/icons/red/0276--273--large-fuel-spill-in-petrol-station-forecourt.png,assets/icons/yellow/0276--273--large-fuel-spill-in-petrol-station-forecourt.png,assets/icons/green/0276--273--large-fuel-spill-in-petrol-station-forecourt.png
277,274,Fire Alarm Activation in Sheltered Housing,1,274,1,3.76,fire,fire,assets/icons/red/0277--274--fire-alarm-activation-in-sheltered-housing.png,assets/icons/yellow/0277--274--fire-alarm-activation-in-sheltered-housing.png,assets/icons/green/0277--274--fire-alarm-activation-in-sheltered-housing.png
278,275,Flat Fire in Sheltered Housing,1,275,2,7.43,fire,fire,assets/icons/red/0278--275--flat-fire-in-sheltered-housing.png,assets/icons/yellow/0278--275--flat-fire-in-sheltered-housing.png,assets/icons/green/0278--275--flat-fire-in-sheltered-housing.png
279,276,Flat Fire in Sheltered Housing (Persons Reported),1,276,3,19.96,fire,fire,assets/icons/red/0279--276--flat-fire-in-sheltered-housing-persons-reported.png,assets/icons/yellow/0279--276--flat-fire-in-sheltered-housing-persons-reported.png,assets/icons/green/0279--276--flat-fire-in-sheltered-housing-persons-reported.png
280,277,Couple ate too much chocolate,1,277,2,5.26,ambulance,medical,assets/icons/red/0280--277--couple-ate-too-much-chocolate.png,assets/icons/yellow/0280--277--couple-ate-too-much-chocolate.png,assets/icons/green/0280--277--couple-ate-too-much-chocolate.png
281,278,Butterflies in stomach,1,278,1,2.44,ambulance,medical,assets/icons/red/0281--278--butterflies-in-stomach.png,assets/icons/yellow/0281--278--butterflies-in-stomach.png,assets/icons/green/0281--278--butterflies-in-stomach.png
282,279,Heart attack due shock from proposing,1,279,3,11.61,ambulance,cardiac,assets/icons/red/0282--279--heart-attack-due-shock-from-proposing.png,assets/icons/yellow/0282--279--heart-attack-due-shock-from-proposing.png,assets/icons/green/0282--279--heart-attack-due-shock-from-proposing.png
283,280,Broken heart,1,280,3,12.04,ambulance,cardiac,assets/icons/red/0283--280--broken-heart.png,assets/icons/yellow/0283--280--broken-heart.png,assets/icons/green/0283--280--broken-heart.png
284,281,Valentines decorations at restaurant caught fire,1,281,3,20.05,fire,fire,assets/icons/red/0284--281--valentines-decorations-at-restaurant-caught-fire.png,assets/icons/yellow/0284--281--valentines-decorations-at-restaurant-caught-fire.png,assets/icons/green/0284--281--valentines-decorations-at-restaurant-caught-fire.png
285,282,Fire from candle light dinner has spread,1,282,3,10.05,fire,fire,assets/icons/red/0285--282--fire-from-candle-light-dinner-has-spread.png,assets/icons/yellow/0285--282--fire-from-candle-light-dinner-has-spread.png,assets/icons/green/0285--282--fire-from-candle-light-dinner-has-spread.png
286,283,Search for missing boyfriend,1,283,2,5.84,police,rescue,assets/icons/red/0286--283--search-for-missing-boyfriend.png,assets/icons/yellow/0286--283--search-for-missing-boyfriend.png,assets/icons/green/0286--283--search-for-missing-boyfriend.png
287,284,Noise complaint over a fighting couple,1,284,1,2.47,police,crowd,assets/icons/red/0287--284--noise-complaint-over-a-fighting-couple.png,assets/icons/yellow/0287--284--noise-complaint-over-a-fighting-couple.png,assets/icons/green/0287--284--noise-complaint-over-a-fighting-couple.png
288,285,Heart stolen,1,285,1,3.84,police,cardiac,assets/icons/red/0288--285--heart-stolen.png,assets/icons/yellow/0288--285--heart-stolen.png,assets/icons/green/0288--285--heart-stolen.png
289,286,Swan in carriageway,1,286,1,3.57,police,animal,assets/icons/red/0289--286--swan-in-carriageway.png,assets/icons/yellow/0289--286--swan-in-carriageway.png,assets/icons/green/0289--286--swan-in-carriageway.png
290,287,Train station fire (Small),1,287,1,3.76,fire,rail,assets/icons/red/0290--287--train-station-fire-small.png,assets/icons/yellow/0290--287--train-station-fire-small.png,assets/icons/green/0290--287--train-station-fire-small.png
291,288,Train station fire (Medium),2,288 288/a,2,9.66,fire,rail,assets/icons/red/0291--288--train-station-fire-medium.png,assets/icons/yellow/0291--288--train-station-fire-medium.png,assets/icons/green/0291--288--train-station-fire-medium.png
292,289,Train station fire (Small),0,,2,0.0,mixed,rail,assets/icons/red/0292--289--train-station-fire-small.png,assets/icons/yellow/0292--289--train-station-fire-small.png,assets/icons/green/0292--289--train-station-fire-small.png
293,290,Train station fire (Medium),0,,3,0.0,mixed,rail,assets/icons/red/0293--290--train-station-fire-medium.png,assets/icons/yellow/0293--290--train-station-fire-medium.png,assets/icons/green/0293--290--train-station-fire-medium.png
294,291,Person under train,2,291 291/a,4,46.1,fire,rail,assets/icons/red/0294--291--person-under-train.png,assets/icons/yellow/0294--291--person-under-train.png,assets/icons/green/0294--291--person-under-train.png
295,292,Person under train,0,,4,0.0,mixed,rail,assets/icons/red/0295--292--person-under-train.png,assets/icons/yellow/0295--292--person-under-train.png,assets/icons/green/0295--292--person-under-train.png
296,293,Person under train,0,,4,0.0,mixed,rail,assets/icons/red/0296--293--person-under-train.png,assets/icons/yellow/0296--293--person-under-train.png,assets/icons/green/0296--293--person-under-train.png
297,294,Train station fire (Large),2,294 294/a,4,41.99,fire,rail,assets/icons/red/0297--294--train-station-fire-large.png,assets/icons/yellow/0297--294--train-station-fire-large.png,assets/icons/green/0297--294--train-station-fire-large.png
298,295,Train station fire (Major),16,295 295/a 295/b 295/c 295/d 295/ab 295/ac 295/ad 295/bc 295/bd 295/cd 295/abc 295/abd 295/acd 295/bcd 295/abcd,5,96.5,fire,rail,assets/icons/red/0298--295--train-station-fire-major.png,assets/icons/yellow/0298--295--train-station-fire-major.png,assets/icons/green/0298--295--train-station-fire-major.png
299,296,Train station fire (Large),0,,4,2.0,mixed,rail,assets/icons/red/0299--296--train-station-fire-large.png,assets/icons/yellow/0299--296--train-station-fire-large.png,assets/icons/green/0299--296--train-station-fire-large.png
300,297,Train station fire (Major),0,,5,5.0,mixed,rail,assets/icons/red/0300--297--train-station-fire-major.png,assets/icons/yellow/0300--297--train-station-fire-major.png,assets/icons/green/0300--297--train-station-fire-major.png
301,298,University halls fire (Major),2,298 298/a,5,85.05,fire,fire,assets/icons/red/0301--298--university-halls-fire-major.png,assets/icons/yellow/0301--298--university-halls-fire-major.png,assets/icons/green/0301--298--university-halls-fire-major.png
302,299,Illegal house party,1,299,3,17.01,police,crowd,assets/icons/red/0302--299--illegal-house-party.png,assets/icons/yellow/0302--299--illegal-house-party.png,assets/icons/green/0302--299--illegal-house-party.png
303,300,Large Aircraft Crash Off Airport,16,300 300/a 300/b 300/ab 300-0 300-0/a 300-0/b 300-0/ab 300-1 300-1/a 300-1/b 300-1/ab 300-2 300-2/a 300-2/b 300-2/ab,5,138.75,fire,aircraft,assets/icons/red/0303--300--large-aircraft-crash-off-airport.png,assets/icons/yellow/0303--300--large-aircraft-crash-off-airport.png,assets/icons/green/0303--300--large-aircraft-crash-off-airport.png
304,301,Unsafe Structure,1,301,2,4.41,fire,fire,assets/icons/red/0304--301--unsafe-structure.png,assets/icons/yellow/0304--301--unsafe-structure.png,assets/icons/green/0304--301--unsafe-structure.png
305,302,Leprechaun causing public mischief,1,302,1,3.84,police,police,assets/icons/red/0305--302--leprechaun-causing-public-mischief.png,assets/icons/yellow/0305--302--leprechaun-causing-public-mischief.png,assets/icons/green/0305--302--leprechaun-causing-public-mischief.png
306,303,Driver blinded by green decorative lights,1,303,3,10.8,police,marine,assets/icons/red/0306--303--driver-blinded-by-green-decorative-lights.png,assets/icons/yellow/0306--303--driver-blinded-by-green-decorative-lights.png,assets/icons/green/0306--303--driver-blinded-by-green-decorative-lights.png
307,304,Leprechaun stuck on tree,1,304,2,4.22,fire,rescue,assets/icons/red/0307--304--leprechaun-stuck-on-tree.png,assets/icons/yellow/0307--304--leprechaun-stuck-on-tree.png,assets/icons/green/0307--304--leprechaun-stuck-on-tree.png
308,305,Protecting shamrock fields from St. Patricks Day enthusiasts,1,305,3,12.09,police,police,assets/icons/red/0308--305--protecting-shamrock-fields-from-st-patricks-day-enthusiasts.png,assets/icons/yellow/0308--305--protecting-shamrock-fields-from-st-patricks-day-enthusiasts.png,assets/icons/green/0308--305--protecting-shamrock-fields-from-st-patricks-day-enthusiasts.png
309,306,Great St. Patricks Day parade,1,306,4,46.1,police,police,assets/icons/red/0309--306--great-st-patricks-day-parade.png,assets/icons/yellow/0309--306--great-st-patricks-day-parade.png,assets/icons/green/0309--306--great-st-patricks-day-parade.png
310,307,Skin is turning green,1,307,1,3.58,ambulance,medical,assets/icons/red/0310--307--skin-is-turning-green.png,assets/icons/yellow/0310--307--skin-is-turning-green.png,assets/icons/green/0310--307--skin-is-turning-green.png
311,308,Fallen person,2,308 308/a,2,7.17,ambulance,medical,assets/icons/red/0311--308--fallen-person.png,assets/icons/yellow/0311--308--fallen-person.png,assets/icons/green/0311--308--fallen-person.png
312,309,Spinal injury,2,309 309/a,2,7.25,ambulance,medical,assets/icons/red/0312--309--spinal-injury.png,assets/icons/yellow/0312--309--spinal-injury.png,assets/icons/green/0312--309--spinal-injury.png
313,310,Serious head injury,2,310 310/a,2,9.35,ambulance,medical,assets/icons/red/0313--310--serious-head-injury.png,assets/icons/yellow/0313--310--serious-head-injury.png,assets/icons/green/0313--310--serious-head-injury.png
314,311,Traumatic limb amputation,2,311 311/a,2,7.35,ambulance,medical,assets/icons/red/0314--311--traumatic-limb-amputation.png,assets/icons/yellow/0314--311--traumatic-limb-amputation.png,assets/icons/green/0314--311--traumatic-limb-amputation.png
315,312,Sepsis,1,312,2,4.98,ambulance,medical,assets/icons/red/0315--312--sepsis.png,assets/icons/yellow/0315--312--sepsis.png,assets/icons/green/0315--312--sepsis.png
316,313,Natural gas leak,1,313,1,3.57,fire,hazmat,assets/icons/red/0316--313--natural-gas-leak.png,assets/icons/yellow/0316--313--natural-gas-leak.png,assets/icons/green/0316--313--natural-gas-leak.png
317,314,Rescue from stuck ride,1,314,3,12.09,fire,rescue,assets/icons/red/0317--314--rescue-from-stuck-ride.png,assets/icons/yellow/0317--314--rescue-from-stuck-ride.png,assets/icons/green/0317--314--rescue-from-stuck-ride.png
318,315,Collision on ride,1,315,4,33.46,fire,collision,assets/icons/red/0318--315--collision-on-ride.png,assets/icons/yellow/0318--315--collision-on-ride.png,assets/icons/green/0318--315--collision-on-ride.png
319,316,Domestic drowning,1,316,3,11.54,ambulance,marine,assets/icons/red/0319--316--domestic-drowning.png,assets/icons/yellow/0319--316--domestic-drowning.png,assets/icons/green/0319--316--domestic-drowning.png
320,317,Burning Substation,1,317,2,5.41,fire,fire,assets/icons/red/0320--317--burning-substation.png,assets/icons/yellow/0320--317--burning-substation.png,assets/icons/green/0320--317--burning-substation.png
321,318,Reported fire in the open,1,318,1,2.24,fire,fire,assets/icons/red/0321--318--reported-fire-in-the-open.png,assets/icons/yellow/0321--318--reported-fire-in-the-open.png,assets/icons/green/0321--318--reported-fire-in-the-open.png
322,319,Fall from height,1,319,3,12.54,ambulance,medical,assets/icons/red/0322--319--fall-from-height.png,assets/icons/yellow/0322--319--fall-from-height.png,assets/icons/green/0322--319--fall-from-height.png
323,320,Person trapped in agricultural machinery,2,320 320/a,4,30.0,fire,rescue,assets/icons/red/0323--320--person-trapped-in-agricultural-machinery.png,assets/icons/yellow/0323--320--person-trapped-in-agricultural-machinery.png,assets/icons/green/0323--320--person-trapped-in-agricultural-machinery.png
324,321,Theft of a motor vehicle,1,321,2,4.76,police,crime,assets/icons/red/0324--321--theft-of-a-motor-vehicle.png,assets/icons/yellow/0324--321--theft-of-a-motor-vehicle.png,assets/icons/green/0324--321--theft-of-a-motor-vehicle.png
325,322,Dangerous goods truck accident,2,322 322/a,4,24.91,fire,fire,assets/icons/red/0325--322--dangerous-goods-truck-accident.png,assets/icons/yellow/0325--322--dangerous-goods-truck-accident.png,assets/icons/green/0325--322--dangerous-goods-truck-accident.png
326,323,Chlorine leak,2,323 323/a,4,38.49,fire,hazmat,assets/icons/red/0326--323--chlorine-leak.png,assets/icons/yellow/0326--323--chlorine-leak.png,assets/icons/green/0326--323--chlorine-leak.png
327,324,Freight Train Derailment,4,324 324/a 324/b 324/ab,5,64.76,fire,rail,assets/icons/red/0327--324--freight-train-derailment.png,assets/icons/yellow/0327--324--freight-train-derailment.png,assets/icons/green/0327--324--freight-train-derailment.png
328,325,Ammonia leak (Gas alarm system),2,325 325/a,4,46.7,fire,hazmat,assets/icons/red/0328--325--ammonia-leak-gas-alarm-system.png,assets/icons/yellow/0328--325--ammonia-leak-gas-alarm-system.png,assets/icons/green/0328--325--ammonia-leak-gas-alarm-system.png
329,326,Power station fire,8,326 326/a 326/b 326/c 326/ab 326/ac 326/bc 326/abc,5,75.42,fire,fire,assets/icons/red/0329--326--power-station-fire.png,assets/icons/yellow/0329--326--power-station-fire.png,assets/icons/green/0329--326--power-station-fire.png
330,327,Bulk hazardous storage tank leak (small),1,327,4,23.75,fire,hazmat,assets/icons/red/0330--327--bulk-hazardous-storage-tank-leak-small.png,assets/icons/yellow/0330--327--bulk-hazardous-storage-tank-leak-small.png,assets/icons/green/0330--327--bulk-hazardous-storage-tank-leak-small.png
331,328,Bulk hazardous storage tank leak (large),2,328 328/a,4,40.58,fire,hazmat,assets/icons/red/0331--328--bulk-hazardous-storage-tank-leak-large.png,assets/icons/yellow/0331--328--bulk-hazardous-storage-tank-leak-large.png,assets/icons/green/0331--328--bulk-hazardous-storage-tank-leak-large.png
332,329,Car workshop fire with explosion,4,329 329/a 329/b 329/ab,5,58.96,fire,fire,assets/icons/red/0332--329--car-workshop-fire-with-explosion.png,assets/icons/yellow/0332--329--car-workshop-fire-with-explosion.png,assets/icons/green/0332--329--car-workshop-fire-with-explosion.png
333,330,Large Natural Gas Explosion,4,330 330-0 330-1 330-2,5,61.1,fire,fire,assets/icons/red/0333--330--large-natural-gas-explosion.png,assets/icons/yellow/0333--330--large-natural-gas-explosion.png,assets/icons/green/0333--330--large-natural-gas-explosion.png
334,331,Chemistry accident at school,1,331,3,14.87,fire,fire,assets/icons/red/0334--331--chemistry-accident-at-school.png,assets/icons/yellow/0334--331--chemistry-accident-at-school.png,assets/icons/green/0334--331--chemistry-accident-at-school.png
335,332,Two vehicle RTC (No Injuries),2,332 332/a,2,5.84,police,collision,assets/icons/red/0335--332--two-vehicle-rtc-no-injuries.png,assets/icons/yellow/0335--332--two-vehicle-rtc-no-injuries.png,assets/icons/green/0335--332--two-vehicle-rtc-no-injuries.png
336,333,Child Locked in Car,1,333,2,7.06,fire,fire,assets/icons/red/0336--333--child-locked-in-car.png,assets/icons/yellow/0336--333--child-locked-in-car.png,assets/icons/green/0336--333--child-locked-in-car.png
337,334,Arcing power lines,1,334,1,2.24,fire,utilities,assets/icons/red/0337--334--arcing-power-lines.png,assets/icons/yellow/0337--334--arcing-power-lines.png,assets/icons/green/0337--334--arcing-power-lines.png
338,335,Large abandoned building on fire,2,335 335/a,5,54.54,fire,fire,assets/icons/red/0338--335--large-abandoned-building-on-fire.png,assets/icons/yellow/0338--335--large-abandoned-building-on-fire.png,assets/icons/green/0338--335--large-abandoned-building-on-fire.png
339,336,Inflate Soccer ball,1,336,1,3.61,fire,fire,assets/icons/red/0339--336--inflate-soccer-ball.png,assets/icons/yellow/0339--336--inflate-soccer-ball.png,assets/icons/green/0339--336--inflate-soccer-ball.png
340,337,Team bus parked in no stopping zone,1,337,1,1.96,police,police,assets/icons/red/0340--337--team-bus-parked-in-no-stopping-zone.png,assets/icons/yellow/0340--337--team-bus-parked-in-no-stopping-zone.png,assets/icons/green/0340--337--team-bus-parked-in-no-stopping-zone.png
341,338,Treatment after diving,1,338,1,2.4,ambulance,medical,assets/icons/red/0341--338--treatment-after-diving.png,assets/icons/yellow/0341--338--treatment-after-diving.png,assets/icons/green/0341--338--treatment-after-diving.png
342,339,Injury after hitting bar,1,339,1,2.4,ambulance,medical,assets/icons/red/0342--339--injury-after-hitting-bar.png,assets/icons/yellow/0342--339--injury-after-hitting-bar.png,assets/icons/green/0342--339--injury-after-hitting-bar.png
343,340,Goal fell down,1,340,1,3.61,fire,fire,assets/icons/red/0343--340--goal-fell-down.png,assets/icons/yellow/0343--340--goal-fell-down.png,assets/icons/green/0343--340--goal-fell-down.png
344,341,Stolen trophy,1,341,1,3.36,police,crime,assets/icons/red/0344--341--stolen-trophy.png,assets/icons/yellow/0344--341--stolen-trophy.png,assets/icons/green/0344--341--stolen-trophy.png
345,342,Frostbite from ice spray,1,342,1,2.5,ambulance,weather,assets/icons/red/0345--342--frostbite-from-ice-spray.png,assets/icons/yellow/0345--342--frostbite-from-ice-spray.png,assets/icons/green/0345--342--frostbite-from-ice-spray.png
346,343,Sore throat after celebrating,1,343,1,3.03,ambulance,medical,assets/icons/red/0346--343--sore-throat-after-celebrating.png,assets/icons/yellow/0346--343--sore-throat-after-celebrating.png,assets/icons/green/0346--343--sore-throat-after-celebrating.png
347,344,Missing captain armband,1,344,2,7.27,police,police,assets/icons/red/0347--344--missing-captain-armband.png,assets/icons/yellow/0347--344--missing-captain-armband.png,assets/icons/green/0347--344--missing-captain-armband.png
348,345,Burning corner flag,1,345,1,3.18,fire,fire,assets/icons/red/0348--345--burning-corner-flag.png,assets/icons/yellow/0348--345--burning-corner-flag.png,assets/icons/green/0348--345--burning-corner-flag.png
349,346,Safeguarding a swimming competition,1,346,2,4.72,ambulance,medical,assets/icons/red/0349--346--safeguarding-a-swimming-competition.png,assets/icons/yellow/0349--346--safeguarding-a-swimming-competition.png,assets/icons/green/0349--346--safeguarding-a-swimming-competition.png
350,347,Contaminated ice cream cart,1,347,2,7.64,ambulance,weather,assets/icons/red/0350--347--contaminated-ice-cream-cart.png,assets/icons/yellow/0350--347--contaminated-ice-cream-cart.png,assets/icons/green/0350--347--contaminated-ice-cream-cart.png
351,348,Illegal bonfire in park,1,348,2,5.76,fire,fire,assets/icons/red/0351--348--illegal-bonfire-in-park.png,assets/icons/yellow/0351--348--illegal-bonfire-in-park.png,assets/icons/green/0351--348--illegal-bonfire-in-park.png
352,349,Smoke Inhalation,1,349,2,4.94,ambulance,fire,assets/icons/red/0352--349--smoke-inhalation.png,assets/icons/yellow/0352--349--smoke-inhalation.png,assets/icons/green/0352--349--smoke-inhalation.png
353,350,Protester needing rescuing from height,2,350 350/a,4,23.43,police,crowd,assets/icons/red/0353--350--protester-needing-rescuing-from-height.png,assets/icons/yellow/0353--350--protester-needing-rescuing-from-height.png,assets/icons/green/0353--350--protester-needing-rescuing-from-height.png
354,351,Gun pulled in nightclub,1,351,3,11.3,police,police,assets/icons/red/0354--351--gun-pulled-in-nightclub.png,assets/icons/yellow/0354--351--gun-pulled-in-nightclub.png,assets/icons/green/0354--351--gun-pulled-in-nightclub.png
355,352,Small fire in nightclub,1,352,2,5.04,fire,fire,assets/icons/red/0355--352--small-fire-in-nightclub.png,assets/icons/yellow/0355--352--small-fire-in-nightclub.png,assets/icons/green/0355--352--small-fire-in-nightclub.png
356,353,Medium fire in nightclub,1,353,3,11.6,fire,fire,assets/icons/red/0356--353--medium-fire-in-nightclub.png,assets/icons/yellow/0356--353--medium-fire-in-nightclub.png,assets/icons/green/0356--353--medium-fire-in-nightclub.png
357,354,Large fire in nightclub,1,354,4,28.89,fire,fire,assets/icons/red/0357--354--large-fire-in-nightclub.png,assets/icons/yellow/0357--354--large-fire-in-nightclub.png,assets/icons/green/0357--354--large-fire-in-nightclub.png
358,355,Large fire in nightclub (Major Incident),4,355 355/a 355/b 355/ab,5,53.84,fire,fire,assets/icons/red/0358--355--large-fire-in-nightclub-major-incident.png,assets/icons/yellow/0358--355--large-fire-in-nightclub-major-incident.png,assets/icons/green/0358--355--large-fire-in-nightclub-major-incident.png
359,356,Large fire in nightclub (Persons Reported),4,356 356/a 356/b 356/ab,4,47.61,fire,fire,assets/icons/red/0359--356--large-fire-in-nightclub-persons-reported.png,assets/icons/yellow/0359--356--large-fire-in-nightclub-persons-reported.png,assets/icons/green/0359--356--large-fire-in-nightclub-persons-reported.png
360,357,Large fire in nightclub (Persons Reported) (Major Incident),4,357 357-0 357-1 357-2,5,78.18,fire,fire,assets/icons/red/0360--357--large-fire-in-nightclub-persons-reported-major-incident.png,assets/icons/yellow/0360--357--large-fire-in-nightclub-persons-reported-major-incident.png,assets/icons/green/0360--357--large-fire-in-nightclub-persons-reported-major-incident.png
361,358,Live Lane Breakdown,1,358,1,3.48,police,police,assets/icons/red/0361--358--live-lane-breakdown.png,assets/icons/yellow/0361--358--live-lane-breakdown.png,assets/icons/green/0361--358--live-lane-breakdown.png
362,359,Live Lane Breakdown,1,359,2,5.04,police,police,assets/icons/red/0362--359--live-lane-breakdown.png,assets/icons/yellow/0362--359--live-lane-breakdown.png,assets/icons/green/0362--359--live-lane-breakdown.png
363,360,Careline activation,1,360,1,2.4,ambulance,medical,assets/icons/red/0363--360--careline-activation.png,assets/icons/yellow/0363--360--careline-activation.png,assets/icons/green/0363--360--careline-activation.png
364,361,Non Injury Fall,1,361,1,2.4,ambulance,medical,assets/icons/red/0364--361--non-injury-fall.png,assets/icons/yellow/0364--361--non-injury-fall.png,assets/icons/green/0364--361--non-injury-fall.png
365,362,Mixing of domestic cleaning chemicals,1,362,3,20.6,fire,hazmat,assets/icons/red/0365--362--mixing-of-domestic-cleaning-chemicals.png,assets/icons/yellow/0365--362--mixing-of-domestic-cleaning-chemicals.png,assets/icons/green/0365--362--mixing-of-domestic-cleaning-chemicals.png
366,363,Standoff with armed suspect,2,363 363/a,4,26.65,police,police,assets/icons/red/0366--363--standoff-with-armed-suspect.png,assets/icons/yellow/0366--363--standoff-with-armed-suspect.png,assets/icons/green/0366--363--standoff-with-armed-suspect.png
367,364,Standoff with armed suspect (Threatening to set fire),2,364 364/a,4,33.51,police,fire,assets/icons/red/0367--364--standoff-with-armed-suspect-threatening-to-set-fire.png,assets/icons/yellow/0367--364--standoff-with-armed-suspect-threatening-to-set-fire.png,assets/icons/green/0367--364--standoff-with-armed-suspect-threatening-to-set-fire.png
368,365,Ring Removal,1,365,1,2.24,fire,fire,assets/icons/red/0368--365--ring-removal.png,assets/icons/yellow/0368--365--ring-removal.png,assets/icons/green/0368--365--ring-removal.png
369,366,Person Stuck in lift,1,366,1,2.24,fire,rescue,assets/icons/red/0369--366--person-stuck-in-lift.png,assets/icons/yellow/0369--366--person-stuck-in-lift.png,assets/icons/green/0369--366--person-stuck-in-lift.png
370,367,Unwell Person Stuck in lift,1,367,3,16.1,fire,rescue,assets/icons/red/0370--367--unwell-person-stuck-in-lift.png,assets/icons/yellow/0370--367--unwell-person-stuck-in-lift.png,assets/icons/green/0370--367--unwell-person-stuck-in-lift.png
371,368,Person stuck in wood chipper,1,368,4,21.05,ambulance,rescue,assets/icons/red/0371--368--person-stuck-in-wood-chipper.png,assets/icons/yellow/0371--368--person-stuck-in-wood-chipper.png,assets/icons/green/0371--368--person-stuck-in-wood-chipper.png
372,369,Crashed military fast jet off airport,4,369 369/a 369/b 369/ab,4,36.42,fire,aircraft,assets/icons/red/0372--369--crashed-military-fast-jet-off-airport.png,assets/icons/yellow/0372--369--crashed-military-fast-jet-off-airport.png,assets/icons/green/0372--369--crashed-military-fast-jet-off-airport.png
373,370,Panic button activation,1,370,3,15.32,police,police,assets/icons/red/0373--370--panic-button-activation.png,assets/icons/yellow/0373--370--panic-button-activation.png,assets/icons/green/0373--370--panic-button-activation.png
374,371,Multiple vehicle RTC - Major Incident,5,371 371-0 371-1 371-2 371-3,5,85.09,fire,collision,assets/icons/red/0374--371--multiple-vehicle-rtc-major-incident.png,assets/icons/yellow/0374--371--multiple-vehicle-rtc-major-incident.png,assets/icons/green/0374--371--multiple-vehicle-rtc-major-incident.png
375,372,Passenger Train Derailment,8,372 372/a 372/b 372/c 372/ab 372/ac 372/bc 372/abc,5,99.85,fire,rail,assets/icons/red/0375--372--passenger-train-derailment.png,assets/icons/yellow/0375--372--passenger-train-derailment.png,assets/icons/green/0375--372--passenger-train-derailment.png
376,373,Coach rollover RTC,4,373 373-0 373-1 373-2,5,70.94,fire,collision,assets/icons/red/0376--373--coach-rollover-rtc.png,assets/icons/yellow/0376--373--coach-rollover-rtc.png,assets/icons/green/0376--373--coach-rollover-rtc.png
377,374,Mass crush at festival,4,374 374-0 374-1 374-2,5,55.72,fire,fire,assets/icons/red/0377--374--mass-crush-at-festival.png,assets/icons/yellow/0377--374--mass-crush-at-festival.png,assets/icons/green/0377--374--mass-crush-at-festival.png
378,375,Stage Collapse at Festival,4,375 375-0 375-1 375-2,5,88.16,fire,collapse,assets/icons/red/0378--375--stage-collapse-at-festival.png,assets/icons/yellow/0378--375--stage-collapse-at-festival.png,assets/icons/green/0378--375--stage-collapse-at-festival.png
379,376,Person slipped on wet leaves,1,376,1,2.44,ambulance,medical,assets/icons/red/0379--376--person-slipped-on-wet-leaves.png,assets/icons/yellow/0379--376--person-slipped-on-wet-leaves.png,assets/icons/green/0379--376--person-slipped-on-wet-leaves.png
380,377,Road accident caused by fallen leaves,1,377,3,16.94,fire,collision,assets/icons/red/0380--377--road-accident-caused-by-fallen-leaves.png,assets/icons/yellow/0380--377--road-accident-caused-by-fallen-leaves.png,assets/icons/green/0380--377--road-accident-caused-by-fallen-leaves.png
381,378,Person fell in pile of leaves,1,378,1,2.42,ambulance,medical,assets/icons/red/0381--378--person-fell-in-pile-of-leaves.png,assets/icons/yellow/0381--378--person-fell-in-pile-of-leaves.png,assets/icons/green/0381--378--person-fell-in-pile-of-leaves.png
382,379,Leaf vacuum out of control,1,379,2,6.92,police,police,assets/icons/red/0382--379--leaf-vacuum-out-of-control.png,assets/icons/yellow/0382--379--leaf-vacuum-out-of-control.png,assets/icons/green/0382--379--leaf-vacuum-out-of-control.png
383,380,Storm drain clogged with leaves,1,380,1,3.61,fire,weather,assets/icons/red/0383--380--storm-drain-clogged-with-leaves.png,assets/icons/yellow/0383--380--storm-drain-clogged-with-leaves.png,assets/icons/green/0383--380--storm-drain-clogged-with-leaves.png
384,381,Hypothermia after swimming in cold water,1,381,2,4.97,ambulance,medical,assets/icons/red/0384--381--hypothermia-after-swimming-in-cold-water.png,assets/icons/yellow/0384--381--hypothermia-after-swimming-in-cold-water.png,assets/icons/green/0384--381--hypothermia-after-swimming-in-cold-water.png
385,382,Accident on foggy road,1,382,3,12.82,fire,fire,assets/icons/red/0385--382--accident-on-foggy-road.png,assets/icons/yellow/0385--382--accident-on-foggy-road.png,assets/icons/green/0385--382--accident-on-foggy-road.png
386,383,Deer crossing accident,1,383,3,16.02,fire,animal,assets/icons/red/0386--383--deer-crossing-accident.png,assets/icons/yellow/0386--383--deer-crossing-accident.png,assets/icons/green/0386--383--deer-crossing-accident.png
387,384,Burning pile of leaves,1,384,1,2.99,fire,fire,assets/icons/red/0387--384--burning-pile-of-leaves.png,assets/icons/yellow/0387--384--burning-pile-of-leaves.png,assets/icons/green/0387--384--burning-pile-of-leaves.png
388,385,Overdose,1,385,3,13.34,ambulance,medical,assets/icons/red/0388--385--overdose.png,assets/icons/yellow/0388--385--overdose.png,assets/icons/green/0388--385--overdose.png
389,386,Stabbing,1,386,4,26.6,police,police,assets/icons/red/0389--386--stabbing.png,assets/icons/yellow/0389--386--stabbing.png,assets/icons/green/0389--386--stabbing.png
390,387,Office burglary,1,387,1,4.15,police,weather,assets/icons/red/0390--387--office-burglary.png,assets/icons/yellow/0390--387--office-burglary.png,assets/icons/green/0390--387--office-burglary.png
391,388,Smell of burning (Residential),1,388,2,5.04,fire,fire,assets/icons/red/0391--388--smell-of-burning-residential.png,assets/icons/yellow/0391--388--smell-of-burning-residential.png,assets/icons/green/0391--388--smell-of-burning-residential.png
392,389,Smell of burning (Commercial),1,389,2,5.04,fire,fire,assets/icons/red/0392--389--smell-of-burning-commercial.png,assets/icons/yellow/0392--389--smell-of-burning-commercial.png,assets/icons/green/0392--389--smell-of-burning-commercial.png
393,390,Breach of bail,1,390,1,2.24,police,crime,assets/icons/red/0393--390--breach-of-bail.png,assets/icons/yellow/0393--390--breach-of-bail.png,assets/icons/green/0393--390--breach-of-bail.png
394,391,Escaped dog,1,391,1,1.96,police,animal,assets/icons/red/0394--391--escaped-dog.png,assets/icons/yellow/0394--391--escaped-dog.png,assets/icons/green/0394--391--escaped-dog.png
395,392,Large fuel leak from vehicle,1,392,3,12.85,fire,fire,assets/icons/red/0395--392--large-fuel-leak-from-vehicle.png,assets/icons/yellow/0395--392--large-fuel-leak-from-vehicle.png,assets/icons/green/0395--392--large-fuel-leak-from-vehicle.png
396,393,Large fuel leak from vehicle (fast road),1,393,3,15.16,fire,fire,assets/icons/red/0396--393--large-fuel-leak-from-vehicle-fast-road.png,assets/icons/yellow/0396--393--large-fuel-leak-from-vehicle-fast-road.png,assets/icons/green/0396--393--large-fuel-leak-from-vehicle-fast-road.png
397,394,Odour of chemicals,2,394 394-0,4,33.56,fire,hazmat,assets/icons/red/0397--394--odour-of-chemicals.png,assets/icons/yellow/0397--394--odour-of-chemicals.png,assets/icons/green/0397--394--odour-of-chemicals.png
398,395,Criminal damage,1,395,1,3.47,police,police,assets/icons/red/0398--395--criminal-damage.png,assets/icons/yellow/0398--395--criminal-damage.png,assets/icons/green/0398--395--criminal-damage.png
399,396,Residential Fire (Hoarder level 1-3),1,396,3,12.34,fire,fire,assets/icons/red/0399--396--residential-fire-hoarder-level-1-3.png,assets/icons/yellow/0399--396--residential-fire-hoarder-level-1-3.png,assets/icons/green/0399--396--residential-fire-hoarder-level-1-3.png
400,397,Residential Fire (Hoarder level 4-6),1,397,3,20.91,fire,fire,assets/icons/red/0400--397--residential-fire-hoarder-level-4-6.png,assets/icons/yellow/0400--397--residential-fire-hoarder-level-4-6.png,assets/icons/green/0400--397--residential-fire-hoarder-level-4-6.png
401,398,Residential Fire (Hoarder level 7-9),1,398,4,35.53,fire,fire,assets/icons/red/0401--398--residential-fire-hoarder-level-7-9.png,assets/icons/yellow/0401--398--residential-fire-hoarder-level-7-9.png,assets/icons/green/0401--398--residential-fire-hoarder-level-7-9.png
402,399,Fire in allotment (Small),1,399,1,2.47,fire,fire,assets/icons/red/0402--399--fire-in-allotment-small.png,assets/icons/yellow/0402--399--fire-in-allotment-small.png,assets/icons/green/0402--399--fire-in-allotment-small.png
403,400,Fire in allotment (Small) (Involving Cylinders),1,400,1,3.76,fire,fire,assets/icons/red/0403--400--fire-in-allotment-small-involving-cylinders.png,assets/icons/yellow/0403--400--fire-in-allotment-small-involving-cylinders.png,assets/icons/green/0403--400--fire-in-allotment-small-involving-cylinders.png
404,401,Fire in allotment (Medium),1,401,2,9.78,fire,fire,assets/icons/red/0404--401--fire-in-allotment-medium.png,assets/icons/yellow/0404--401--fire-in-allotment-medium.png,assets/icons/green/0404--401--fire-in-allotment-medium.png
405,402,Fire in allotment (Large),1,402,3,18.52,fire,fire,assets/icons/red/0405--402--fire-in-allotment-large.png,assets/icons/yellow/0405--402--fire-in-allotment-large.png,assets/icons/green/0405--402--fire-in-allotment-large.png
406,403,Substance in letter,2,403 403-0,4,37.15,fire,fire,assets/icons/red/0406--403--substance-in-letter.png,assets/icons/yellow/0406--403--substance-in-letter.png,assets/icons/green/0406--403--substance-in-letter.png
407,404,Animal stuck between walls,1,404,2,4.65,fire,animal,assets/icons/red/0407--404--animal-stuck-between-walls.png,assets/icons/yellow/0407--404--animal-stuck-between-walls.png,assets/icons/green/0407--404--animal-stuck-between-walls.png
408,405,Kidnapping,2,405 405-0,4,32.72,police,crime,assets/icons/red/0408--405--kidnapping.png,assets/icons/yellow/0408--405--kidnapping.png,assets/icons/green/0408--405--kidnapping.png
409,406,Stack of containers on fire,2,406 406/a,4,29.92,fire,fire,assets/icons/red/0409--406--stack-of-containers-on-fire.png,assets/icons/yellow/0409--406--stack-of-containers-on-fire.png,assets/icons/green/0409--406--stack-of-containers-on-fire.png
410,407,Broken Ankle,1,407,1,2.46,ambulance,medical,assets/icons/red/0410--407--broken-ankle.png,assets/icons/yellow/0410--407--broken-ankle.png,assets/icons/green/0410--407--broken-ankle.png
411,408,Small Fuel storage tank explosion,4,408 408/a 408/b 408/ab,5,64.59,fire,fire,assets/icons/red/0411--408--small-fuel-storage-tank-explosion.png,assets/icons/yellow/0411--408--small-fuel-storage-tank-explosion.png,assets/icons/green/0411--408--small-fuel-storage-tank-explosion.png
412,409,Large Fuel storage tank explosion,4,409 409/a 409/b 409/ab,5,82.57,fire,fire,assets/icons/red/0412--409--large-fuel-storage-tank-explosion.png,assets/icons/yellow/0412--409--large-fuel-storage-tank-explosion.png,assets/icons/green/0412--409--large-fuel-storage-tank-explosion.png
413,410,Fuel Storage Depot Explosion (Major Incident),4,410 410/a 410/b 410/ab,5,120.56,fire,fire,assets/icons/red/0413--410--fuel-storage-depot-explosion-major-incident.png,assets/icons/yellow/0413--410--fuel-storage-depot-explosion-major-incident.png,assets/icons/green/0413--410--fuel-storage-depot-explosion-major-incident.png
414,411,Out of control argument,1,411,2,4.67,police,police,assets/icons/red/0414--411--out-of-control-argument.png,assets/icons/yellow/0414--411--out-of-control-argument.png,assets/icons/green/0414--411--out-of-control-argument.png
415,412,Concern for welfare on bridge,1,412,3,12.38,police,rescue,assets/icons/red/0415--412--concern-for-welfare-on-bridge.png,assets/icons/yellow/0415--412--concern-for-welfare-on-bridge.png,assets/icons/green/0415--412--concern-for-welfare-on-bridge.png
416,413,Raise awareness on school kids for 112,0,,1,2.0,mixed,response,assets/icons/red/0416--413--raise-awareness-on-school-kids-for-112.png,assets/icons/yellow/0416--413--raise-awareness-on-school-kids-for-112.png,assets/icons/green/0416--413--raise-awareness-on-school-kids-for-112.png
417,414,Raise awareness on school kids for 112,0,,1,2.0,mixed,response,assets/icons/red/0417--414--raise-awareness-on-school-kids-for-112.png,assets/icons/yellow/0417--414--raise-awareness-on-school-kids-for-112.png,assets/icons/green/0417--414--raise-awareness-on-school-kids-for-112.png
418,415,Announcement of New 112 Functionalities,0,,1,0.0,mixed,response,assets/icons/red/0418--415--announcement-of-new-112-functionalities.png,assets/icons/yellow/0418--415--announcement-of-new-112-functionalities.png,assets/icons/green/0418--415--announcement-of-new-112-functionalities.png
419,416,European 112 Day Celebration,0,,1,0.0,mixed,response,assets/icons/red/0419--416--european-112-day-celebration.png,assets/icons/yellow/0419--416--european-112-day-celebration.png,assets/icons/green/0419--416--european-112-day-celebration.png
420,417,National 112 Award Ceremony,0,,1,0.0,mixed,response,assets/icons/red/0420--417--national-112-award-ceremony.png,assets/icons/yellow/0420--417--national-112-award-ceremony.png,assets/icons/green/0420--417--national-112-award-ceremony.png
421,418,Drunk and disorderly person,1,418,1,3.24,police,crowd,assets/icons/red/0421--418--drunk-and-disorderly-person.png,assets/icons/yellow/0421--418--drunk-and-disorderly-person.png,assets/icons/green/0421--418--drunk-and-disorderly-person.png
422,419,Scrapyard Fire,1,419,4,48.77,fire,fire,assets/icons/red/0422--419--scrapyard-fire.png,assets/icons/yellow/0422--419--scrapyard-fire.png,assets/icons/green/0422--419--scrapyard-fire.png
423,420,Scrapyard Fire Large,4,420 420/a 420/b 420/ab,5,64.58,fire,fire,assets/icons/red/0423--420--scrapyard-fire-large.png,assets/icons/yellow/0423--420--scrapyard-fire-large.png,assets/icons/green/0423--420--scrapyard-fire-large.png
424,421,Late fire call,1,421,1,2.24,fire,fire,assets/icons/red/0424--421--late-fire-call.png,assets/icons/yellow/0424--421--late-fire-call.png,assets/icons/green/0424--421--late-fire-call.png
425,422,Assisting the ambulance service,1,422,3,18.01,fire,weather,assets/icons/red/0425--422--assisting-the-ambulance-service.png,assets/icons/yellow/0425--422--assisting-the-ambulance-service.png,assets/icons/green/0425--422--assisting-the-ambulance-service.png
426,423,Assisting the ambulance service [Bariatric],2,423 423/a,4,27.73,fire,weather,assets/icons/red/0426--423--assisting-the-ambulance-service-bariatric.png,assets/icons/yellow/0426--423--assisting-the-ambulance-service-bariatric.png,assets/icons/green/0426--423--assisting-the-ambulance-service-bariatric.png
427,424,Robbery of Motor Vehicle,1,424,3,15.41,police,crime,assets/icons/red/0427--424--robbery-of-motor-vehicle.png,assets/icons/yellow/0427--424--robbery-of-motor-vehicle.png,assets/icons/green/0427--424--robbery-of-motor-vehicle.png
428,425,Armed Robbery of Motor Vehicle,1,425,3,17.13,police,crime,assets/icons/red/0428--425--armed-robbery-of-motor-vehicle.png,assets/icons/yellow/0428--425--armed-robbery-of-motor-vehicle.png,assets/icons/green/0428--425--armed-robbery-of-motor-vehicle.png
429,426,Allergic reaction to bee sting,1,426,2,6.26,ambulance,medical,assets/icons/red/0429--426--allergic-reaction-to-bee-sting.png,assets/icons/yellow/0429--426--allergic-reaction-to-bee-sting.png,assets/icons/green/0429--426--allergic-reaction-to-bee-sting.png
430,427,Allergic reaction to pollen,1,427,2,6.33,ambulance,medical,assets/icons/red/0430--427--allergic-reaction-to-pollen.png,assets/icons/yellow/0430--427--allergic-reaction-to-pollen.png,assets/icons/green/0430--427--allergic-reaction-to-pollen.png
431,428,Fall from ladder during spring cleaning,1,428,1,3.68,ambulance,medical,assets/icons/red/0431--428--fall-from-ladder-during-spring-cleaning.png,assets/icons/yellow/0431--428--fall-from-ladder-during-spring-cleaning.png,assets/icons/green/0431--428--fall-from-ladder-during-spring-cleaning.png
432,429,Wild animal attack during spring picnic,1,429,3,10.41,police,animal,assets/icons/red/0432--429--wild-animal-attack-during-spring-picnic.png,assets/icons/yellow/0432--429--wild-animal-attack-during-spring-picnic.png,assets/icons/green/0432--429--wild-animal-attack-during-spring-picnic.png
433,430,Food poisoning from wild berries,1,430,1,4.02,ambulance,hazmat,assets/icons/red/0433--430--food-poisoning-from-wild-berries.png,assets/icons/yellow/0433--430--food-poisoning-from-wild-berries.png,assets/icons/green/0433--430--food-poisoning-from-wild-berries.png
434,431,Picnic basket on fire,1,431,1,3.57,fire,fire,assets/icons/red/0434--431--picnic-basket-on-fire.png,assets/icons/yellow/0434--431--picnic-basket-on-fire.png,assets/icons/green/0434--431--picnic-basket-on-fire.png
435,432,Person stealing calves,1,432,1,3.67,police,police,assets/icons/red/0435--432--person-stealing-calves.png,assets/icons/yellow/0435--432--person-stealing-calves.png,assets/icons/green/0435--432--person-stealing-calves.png
436,433,Cow Thief on the run,1,433,3,11.02,police,police,assets/icons/red/0436--433--cow-thief-on-the-run.png,assets/icons/yellow/0436--433--cow-thief-on-the-run.png,assets/icons/green/0436--433--cow-thief-on-the-run.png
437,434,Thief attacked by a cow,1,434,2,5.06,ambulance,medical,assets/icons/red/0437--434--thief-attacked-by-a-cow.png,assets/icons/yellow/0437--434--thief-attacked-by-a-cow.png,assets/icons/green/0437--434--thief-attacked-by-a-cow.png
438,435,Person Locked Out of House,1,435,1,2.24,fire,fire,assets/icons/red/0438--435--person-locked-out-of-house.png,assets/icons/yellow/0438--435--person-locked-out-of-house.png,assets/icons/green/0438--435--person-locked-out-of-house.png
439,436,Melted Chocolate Bunny,1,436,1,1.56,fire,fire,assets/icons/red/0439--436--melted-chocolate-bunny.png,assets/icons/yellow/0439--436--melted-chocolate-bunny.png,assets/icons/green/0439--436--melted-chocolate-bunny.png
440,437,Lightning strike in rabbit hole,1,437,4,21.46,fire,weather,assets/icons/red/0440--437--lightning-strike-in-rabbit-hole.png,assets/icons/yellow/0440--437--lightning-strike-in-rabbit-hole.png,assets/icons/green/0440--437--lightning-strike-in-rabbit-hole.png
441,438,Chocolate bunny locked in car,1,438,2,5.28,fire,fire,assets/icons/red/0441--438--chocolate-bunny-locked-in-car.png,assets/icons/yellow/0441--438--chocolate-bunny-locked-in-car.png,assets/icons/green/0441--438--chocolate-bunny-locked-in-car.png
442,439,Egg hunt under water,1,439,2,5.28,fire,fire,assets/icons/red/0442--439--egg-hunt-under-water.png,assets/icons/yellow/0442--439--egg-hunt-under-water.png,assets/icons/green/0442--439--egg-hunt-under-water.png
443,440,Sinkhole opened up in road,1,440,2,7.16,fire,collapse,assets/icons/red/0443--440--sinkhole-opened-up-in-road.png,assets/icons/yellow/0443--440--sinkhole-opened-up-in-road.png,assets/icons/green/0443--440--sinkhole-opened-up-in-road.png
444,441,LPG Fuelled vehicle fire,1,441,2,8.88,fire,fire,assets/icons/red/0444--441--lpg-fuelled-vehicle-fire.png,assets/icons/yellow/0444--441--lpg-fuelled-vehicle-fire.png,assets/icons/green/0444--441--lpg-fuelled-vehicle-fire.png
445,442,LPG Fuelled vehicle fire (Persons Reported),1,442,4,28.71,fire,fire,assets/icons/red/0445--442--lpg-fuelled-vehicle-fire-persons-reported.png,assets/icons/yellow/0445--442--lpg-fuelled-vehicle-fire-persons-reported.png,assets/icons/green/0445--442--lpg-fuelled-vehicle-fire-persons-reported.png
446,443,LPG Fuelled vehicle fire (fast road) (Persons Reported),1,443,4,32.11,fire,fire,assets/icons/red/0446--443--lpg-fuelled-vehicle-fire-fast-road-persons-reported.png,assets/icons/yellow/0446--443--lpg-fuelled-vehicle-fire-fast-road-persons-reported.png,assets/icons/green/0446--443--lpg-fuelled-vehicle-fire-fast-road-persons-reported.png
447,444,LPG Fuelled vehicle fire (fast road),1,444,3,12.34,fire,fire,assets/icons/red/0447--444--lpg-fuelled-vehicle-fire-fast-road.png,assets/icons/yellow/0447--444--lpg-fuelled-vehicle-fire-fast-road.png,assets/icons/green/0447--444--lpg-fuelled-vehicle-fire-fast-road.png
448,445,Bar Fight,2,445 445/a,4,30.89,police,crowd,assets/icons/red/0448--445--bar-fight.png,assets/icons/yellow/0448--445--bar-fight.png,assets/icons/green/0448--445--bar-fight.png
449,446,Unlicensed Music Event,2,446 446/a,4,44.84,police,weather,assets/icons/red/0449--446--unlicensed-music-event.png,assets/icons/yellow/0449--446--unlicensed-music-event.png,assets/icons/green/0449--446--unlicensed-music-event.png
450,447,Protest (Small),1,447,4,31.96,police,crowd,assets/icons/red/0450--447--protest-small.png,assets/icons/yellow/0450--447--protest-small.png,assets/icons/green/0450--447--protest-small.png
451,448,Protest (Medium),2,448 448/a,5,50.59,police,crowd,assets/icons/red/0451--448--protest-medium.png,assets/icons/yellow/0451--448--protest-medium.png,assets/icons/green/0451--448--protest-medium.png
452,449,Protest (Large),2,449 449/a,5,60.42,police,crowd,assets/icons/red/0452--449--protest-large.png,assets/icons/yellow/0452--449--protest-large.png,assets/icons/green/0452--449--protest-large.png
453,450,Fire in multi-storey car park (Major Incident),1,450,5,85.05,fire,fire,assets/icons/red/0453--450--fire-in-multi-storey-car-park-major-incident.png,assets/icons/yellow/0453--450--fire-in-multi-storey-car-park-major-incident.png,assets/icons/green/0453--450--fire-in-multi-storey-car-park-major-incident.png
454,451,Bridge Strike (Double Decker Bus) (Persons reported),1,451,5,58.78,fire,fire,assets/icons/red/0454--451--bridge-strike-double-decker-bus-persons-reported.png,assets/icons/yellow/0454--451--bridge-strike-double-decker-bus-persons-reported.png,assets/icons/green/0454--451--bridge-strike-double-decker-bus-persons-reported.png
455,452,Medical emergency whilst driving,1,452,3,18.36,police,medical,assets/icons/red/0455--452--medical-emergency-whilst-driving.png,assets/icons/yellow/0455--452--medical-emergency-whilst-driving.png,assets/icons/green/0455--452--medical-emergency-whilst-driving.png
456,453,Medical emergency whilst driving (fast road),1,453,3,20.01,police,medical,assets/icons/red/0456--453--medical-emergency-whilst-driving-fast-road.png,assets/icons/yellow/0456--453--medical-emergency-whilst-driving-fast-road.png,assets/icons/green/0456--453--medical-emergency-whilst-driving-fast-road.png
457,454,Vehicle driving towards traffic (fast road),1,454,3,19.5,police,police,assets/icons/red/0457--454--vehicle-driving-towards-traffic-fast-road.png,assets/icons/yellow/0457--454--vehicle-driving-towards-traffic-fast-road.png,assets/icons/green/0457--454--vehicle-driving-towards-traffic-fast-road.png
458,455,Fire alarm activation in commercial premises,1,455,1,3.57,fire,fire,assets/icons/red/0458--455--fire-alarm-activation-in-commercial-premises.png,assets/icons/yellow/0458--455--fire-alarm-activation-in-commercial-premises.png,assets/icons/green/0458--455--fire-alarm-activation-in-commercial-premises.png
459,456,Care home fire,1,456,3,12.34,fire,fire,assets/icons/red/0459--456--care-home-fire.png,assets/icons/yellow/0459--456--care-home-fire.png,assets/icons/green/0459--456--care-home-fire.png
460,457,Care home fire (Persons Reported),1,457,5,57.84,fire,fire,assets/icons/red/0460--457--care-home-fire-persons-reported.png,assets/icons/yellow/0460--457--care-home-fire-persons-reported.png,assets/icons/green/0460--457--care-home-fire-persons-reported.png
461,458,Fire alarm activation in care home,1,458,2,6.76,fire,fire,assets/icons/red/0461--458--fire-alarm-activation-in-care-home.png,assets/icons/yellow/0461--458--fire-alarm-activation-in-care-home.png,assets/icons/green/0461--458--fire-alarm-activation-in-care-home.png
462,459,Trooping The Colour Parade,1,459,3,20.06,police,police,assets/icons/red/0462--459--trooping-the-colour-parade.png,assets/icons/yellow/0462--459--trooping-the-colour-parade.png,assets/icons/green/0462--459--trooping-the-colour-parade.png
463,460,St. James Park Monitoring,1,460,2,9.74,police,police,assets/icons/red/0463--460--st-james-park-monitoring.png,assets/icons/yellow/0463--460--st-james-park-monitoring.png,assets/icons/green/0463--460--st-james-park-monitoring.png
464,461,Platinum Jubilee beacon fire,1,461,1,3.76,fire,fire,assets/icons/red/0464--461--platinum-jubilee-beacon-fire.png,assets/icons/yellow/0464--461--platinum-jubilee-beacon-fire.png,assets/icons/green/0464--461--platinum-jubilee-beacon-fire.png
465,462,The principle Beacon,1,462,2,4.22,fire,fire,assets/icons/red/0465--462--the-principle-beacon.png,assets/icons/yellow/0465--462--the-principle-beacon.png,assets/icons/green/0465--462--the-principle-beacon.png
466,463,Big Jubilee Lunch bbq fire,1,463,1,3.92,fire,fire,assets/icons/red/0466--463--big-jubilee-lunch-bbq-fire.png,assets/icons/yellow/0466--463--big-jubilee-lunch-bbq-fire.png,assets/icons/green/0466--463--big-jubilee-lunch-bbq-fire.png
467,464,Big Jubilee Street Party,1,464,1,4.15,police,crowd,assets/icons/red/0467--464--big-jubilee-street-party.png,assets/icons/yellow/0467--464--big-jubilee-street-party.png,assets/icons/green/0467--464--big-jubilee-street-party.png
468,465,Fight on Train,2,465 465/a,2,9.9,police,rail,assets/icons/red/0468--465--fight-on-train.png,assets/icons/yellow/0468--465--fight-on-train.png,assets/icons/green/0468--465--fight-on-train.png
469,466,Caravan roll over RTC,2,466 466/a,3,15.09,fire,collision,assets/icons/red/0469--466--caravan-roll-over-rtc.png,assets/icons/yellow/0469--466--caravan-roll-over-rtc.png,assets/icons/green/0469--466--caravan-roll-over-rtc.png
470,467,Caravan roll over RTC (Fast Road),2,467 467/a,4,21.63,fire,collision,assets/icons/red/0470--467--caravan-roll-over-rtc-fast-road.png,assets/icons/yellow/0470--467--caravan-roll-over-rtc-fast-road.png,assets/icons/green/0470--467--caravan-roll-over-rtc-fast-road.png
471,468,Tumble dryer fire in residential premises,1,468,1,3.57,fire,fire,assets/icons/red/0471--468--tumble-dryer-fire-in-residential-premises.png,assets/icons/yellow/0471--468--tumble-dryer-fire-in-residential-premises.png,assets/icons/green/0471--468--tumble-dryer-fire-in-residential-premises.png
472,469,Tram fire,1,469,4,21.52,fire,rail,assets/icons/red/0472--469--tram-fire.png,assets/icons/yellow/0472--469--tram-fire.png,assets/icons/green/0472--469--tram-fire.png
473,470,Tram fire (Persons Reported),1,470,5,63.31,fire,rail,assets/icons/red/0473--470--tram-fire-persons-reported.png,assets/icons/yellow/0473--470--tram-fire-persons-reported.png,assets/icons/green/0473--470--tram-fire-persons-reported.png
474,471,Prolonged Seizure,1,471,3,12.82,ambulance,medical,assets/icons/red/0474--471--prolonged-seizure.png,assets/icons/yellow/0474--471--prolonged-seizure.png,assets/icons/green/0474--471--prolonged-seizure.png
475,472,Ceiling Collapse Minor,1,472,1,2.36,fire,collapse,assets/icons/red/0475--472--ceiling-collapse-minor.png,assets/icons/yellow/0475--472--ceiling-collapse-minor.png,assets/icons/green/0475--472--ceiling-collapse-minor.png
476,473,Ceiling Collapse Minor (Person Trapped),1,473,4,21.64,fire,collapse,assets/icons/red/0476--473--ceiling-collapse-minor-person-trapped.png,assets/icons/yellow/0476--473--ceiling-collapse-minor-person-trapped.png,assets/icons/green/0476--473--ceiling-collapse-minor-person-trapped.png
477,474,Penetrating Trauma - Central Wound,2,474 474/a,3,16.95,ambulance,medical,assets/icons/red/0477--474--penetrating-trauma-central-wound.png,assets/icons/yellow/0477--474--penetrating-trauma-central-wound.png,assets/icons/green/0477--474--penetrating-trauma-central-wound.png
478,475,Underground electrical cable fire,1,475,1,3.57,fire,fire,assets/icons/red/0478--475--underground-electrical-cable-fire.png,assets/icons/yellow/0478--475--underground-electrical-cable-fire.png,assets/icons/green/0478--475--underground-electrical-cable-fire.png
479,476,Underground electrical cable fire (Medium),1,476,3,12.53,fire,fire,assets/icons/red/0479--476--underground-electrical-cable-fire-medium.png,assets/icons/yellow/0479--476--underground-electrical-cable-fire-medium.png,assets/icons/green/0479--476--underground-electrical-cable-fire-medium.png
480,477,Underground electrical cable fire (Large),1,477,4,36.33,fire,fire,assets/icons/red/0480--477--underground-electrical-cable-fire-large.png,assets/icons/yellow/0480--477--underground-electrical-cable-fire-large.png,assets/icons/green/0480--477--underground-electrical-cable-fire-large.png
481,478,Underground electrical cable fire (Major),2,478 478/a,5,64.32,fire,fire,assets/icons/red/0481--478--underground-electrical-cable-fire-major.png,assets/icons/yellow/0481--478--underground-electrical-cable-fire-major.png,assets/icons/green/0481--478--underground-electrical-cable-fire-major.png
482,479,Locomotive train fire,4,479 479/a 479/b 479/ab,4,29.26,fire,rail,assets/icons/red/0482--479--locomotive-train-fire.png,assets/icons/yellow/0482--479--locomotive-train-fire.png,assets/icons/green/0482--479--locomotive-train-fire.png
483,480,Blurred Vision,1,480,2,6.21,ambulance,medical,assets/icons/red/0483--480--blurred-vision.png,assets/icons/yellow/0483--480--blurred-vision.png,assets/icons/green/0483--480--blurred-vision.png
484,481,Fire in turbine,1,481,3,11.6,fire,fire,assets/icons/red/0484--481--fire-in-turbine.png,assets/icons/yellow/0484--481--fire-in-turbine.png,assets/icons/green/0484--481--fire-in-turbine.png
485,482,Fire in turbine (Nuclear Power station),2,482 482/a,4,23.57,fire,hazmat,assets/icons/red/0485--482--fire-in-turbine-nuclear-power-station.png,assets/icons/yellow/0485--482--fire-in-turbine-nuclear-power-station.png,assets/icons/green/0485--482--fire-in-turbine-nuclear-power-station.png
486,483,Scalded by hot liquid,1,483,2,6.19,ambulance,medical,assets/icons/red/0486--483--scalded-by-hot-liquid.png,assets/icons/yellow/0486--483--scalded-by-hot-liquid.png,assets/icons/green/0486--483--scalded-by-hot-liquid.png
487,484,Tanker on fire,2,484 484/a,4,44.51,fire,fire,assets/icons/red/0487--484--tanker-on-fire.png,assets/icons/yellow/0487--484--tanker-on-fire.png,assets/icons/green/0487--484--tanker-on-fire.png
488,485,Tanker on fire (Persons reported),4,485 485/a 485/b 485/ab,5,57.9,fire,fire,assets/icons/red/0488--485--tanker-on-fire-persons-reported.png,assets/icons/yellow/0488--485--tanker-on-fire-persons-reported.png,assets/icons/green/0488--485--tanker-on-fire-persons-reported.png
489,486,Threat of arson,1,486,2,9.18,police,police,assets/icons/red/0489--486--threat-of-arson.png,assets/icons/yellow/0489--486--threat-of-arson.png,assets/icons/green/0489--486--threat-of-arson.png
490,487,Multiple Seizures,1,487,3,12.79,ambulance,medical,assets/icons/red/0490--487--multiple-seizures.png,assets/icons/yellow/0490--487--multiple-seizures.png,assets/icons/green/0490--487--multiple-seizures.png
491,488,Accident when baking anniversary cake,1,488,3,11.54,fire,fire,assets/icons/red/0491--488--accident-when-baking-anniversary-cake.png,assets/icons/yellow/0491--488--accident-when-baking-anniversary-cake.png,assets/icons/green/0491--488--accident-when-baking-anniversary-cake.png
492,489,Guest's anniversary balloon is stuck in tree,1,489,1,4.01,fire,rescue,assets/icons/red/0492--489--guest-s-anniversary-balloon-is-stuck-in-tree.png,assets/icons/yellow/0492--489--guest-s-anniversary-balloon-is-stuck-in-tree.png,assets/icons/green/0492--489--guest-s-anniversary-balloon-is-stuck-in-tree.png
493,490,Fire caused by anniversary-party electrics (small),1,490,3,12.03,fire,fire,assets/icons/red/0493--490--fire-caused-by-anniversary-party-electrics-small.png,assets/icons/yellow/0493--490--fire-caused-by-anniversary-party-electrics-small.png,assets/icons/green/0493--490--fire-caused-by-anniversary-party-electrics-small.png
494,491,Fire caused by anniversary-party electrics (major),1,491,4,28.14,fire,fire,assets/icons/red/0494--491--fire-caused-by-anniversary-party-electrics-major.png,assets/icons/yellow/0494--491--fire-caused-by-anniversary-party-electrics-major.png,assets/icons/green/0494--491--fire-caused-by-anniversary-party-electrics-major.png
495,492,Anniversary present stolen,1,492,1,2.11,police,crime,assets/icons/red/0495--492--anniversary-present-stolen.png,assets/icons/yellow/0495--492--anniversary-present-stolen.png,assets/icons/green/0495--492--anniversary-present-stolen.png
496,493,Sabotage at the anniversary jukeboxes,1,493,1,3.57,police,police,assets/icons/red/0496--493--sabotage-at-the-anniversary-jukeboxes.png,assets/icons/yellow/0496--493--sabotage-at-the-anniversary-jukeboxes.png,assets/icons/green/0496--493--sabotage-at-the-anniversary-jukeboxes.png
497,494,Anniversary guest missing,1,494,2,6.92,police,police,assets/icons/red/0497--494--anniversary-guest-missing.png,assets/icons/yellow/0497--494--anniversary-guest-missing.png,assets/icons/green/0497--494--anniversary-guest-missing.png
498,495,Anniversary guests stole decoration,1,495,2,7.04,police,police,assets/icons/red/0498--495--anniversary-guests-stole-decoration.png,assets/icons/yellow/0498--495--anniversary-guests-stole-decoration.png,assets/icons/green/0498--495--anniversary-guests-stole-decoration.png
499,496,Anniversary guests stole cake,1,496,2,8.73,police,police,assets/icons/red/0499--496--anniversary-guests-stole-cake.png,assets/icons/yellow/0499--496--anniversary-guests-stole-cake.png,assets/icons/green/0499--496--anniversary-guests-stole-cake.png
500,497,Guest ate too much anniversary cake,1,497,1,2.44,ambulance,medical,assets/icons/red/0500--497--guest-ate-too-much-anniversary-cake.png,assets/icons/yellow/0500--497--guest-ate-too-much-anniversary-cake.png,assets/icons/green/0500--497--guest-ate-too-much-anniversary-cake.png
501,498,Papercut from opening anniversary presents,1,498,1,2.44,ambulance,medical,assets/icons/red/0501--498--papercut-from-opening-anniversary-presents.png,assets/icons/yellow/0501--498--papercut-from-opening-anniversary-presents.png,assets/icons/green/0501--498--papercut-from-opening-anniversary-presents.png
502,499,Anniversary party guests with joint pain after dancing,1,499,3,13.04,ambulance,medical,assets/icons/red/0502--499--anniversary-party-guests-with-joint-pain-after-dancing.png,assets/icons/yellow/0502--499--anniversary-party-guests-with-joint-pain-after-dancing.png,assets/icons/green/0502--499--anniversary-party-guests-with-joint-pain-after-dancing.png
503,500,Anniversary party guest hit by cork stopper,1,500,3,11.84,ambulance,crowd,assets/icons/red/0503--500--anniversary-party-guest-hit-by-cork-stopper.png,assets/icons/yellow/0503--500--anniversary-party-guest-hit-by-cork-stopper.png,assets/icons/green/0503--500--anniversary-party-guest-hit-by-cork-stopper.png
504,501,Anniversary party guest unconscious,1,501,2,4.98,ambulance,cardiac,assets/icons/red/0504--501--anniversary-party-guest-unconscious.png,assets/icons/yellow/0504--501--anniversary-party-guest-unconscious.png,assets/icons/green/0504--501--anniversary-party-guest-unconscious.png
505,502,People missing on dance floor,1,502,3,16.51,police,police,assets/icons/red/0505--502--people-missing-on-dance-floor.png,assets/icons/yellow/0505--502--people-missing-on-dance-floor.png,assets/icons/green/0505--502--people-missing-on-dance-floor.png
506,503,Inflate balloons for anniversary party,1,503,3,14.79,police,crowd,assets/icons/red/0506--503--inflate-balloons-for-anniversary-party.png,assets/icons/yellow/0506--503--inflate-balloons-for-anniversary-party.png,assets/icons/green/0506--503--inflate-balloons-for-anniversary-party.png
507,504,Guests drank poisoned drinks at anniversary party,1,504,4,21.46,police,hazmat,assets/icons/red/0507--504--guests-drank-poisoned-drinks-at-anniversary-party.png,assets/icons/yellow/0507--504--guests-drank-poisoned-drinks-at-anniversary-party.png,assets/icons/green/0507--504--guests-drank-poisoned-drinks-at-anniversary-party.png
508,505,Residential Burglary,1,505,2,9.51,police,crime,assets/icons/red/0508--505--residential-burglary.png,assets/icons/yellow/0508--505--residential-burglary.png,assets/icons/green/0508--505--residential-burglary.png
509,506,Spiking incident,1,506,3,12.13,police,police,assets/icons/red/0509--506--spiking-incident.png,assets/icons/yellow/0509--506--spiking-incident.png,assets/icons/green/0509--506--spiking-incident.png
510,507,Small Abandoned Building Fire,1,507,2,7.32,fire,fire,assets/icons/red/0510--507--small-abandoned-building-fire.png,assets/icons/yellow/0510--507--small-abandoned-building-fire.png,assets/icons/green/0510--507--small-abandoned-building-fire.png
511,508,Articles Thrown into Prison,1,508,2,6.08,police,police,assets/icons/red/0511--508--articles-thrown-into-prison.png,assets/icons/yellow/0511--508--articles-thrown-into-prison.png,assets/icons/green/0511--508--articles-thrown-into-prison.png
512,509,Suspicious Person on Prison Grounds,1,509,1,3.36,police,police,assets/icons/red/0512--509--suspicious-person-on-prison-grounds.png,assets/icons/yellow/0512--509--suspicious-person-on-prison-grounds.png,assets/icons/green/0512--509--suspicious-person-on-prison-grounds.png
513,510,Violent Prison Fight (Small),2,510 510/a,4,25.24,police,crowd,assets/icons/red/0513--510--violent-prison-fight-small.png,assets/icons/yellow/0513--510--violent-prison-fight-small.png,assets/icons/green/0513--510--violent-prison-fight-small.png
514,511,Violent Prison Fight (Medium),2,511 511/a,4,33.63,police,crowd,assets/icons/red/0514--511--violent-prison-fight-medium.png,assets/icons/yellow/0514--511--violent-prison-fight-medium.png,assets/icons/green/0514--511--violent-prison-fight-medium.png
515,512,Violent Prison Fight (Large),2,512 512/a,5,52.13,police,crowd,assets/icons/red/0515--512--violent-prison-fight-large.png,assets/icons/yellow/0515--512--violent-prison-fight-large.png,assets/icons/green/0515--512--violent-prison-fight-large.png
516,513,Cell Fire,1,513,2,5.8,fire,fire,assets/icons/red/0516--513--cell-fire.png,assets/icons/yellow/0516--513--cell-fire.png,assets/icons/green/0516--513--cell-fire.png
517,514,Cell Fire (Persons Reported),1,514,4,25.14,fire,fire,assets/icons/red/0517--514--cell-fire-persons-reported.png,assets/icons/yellow/0517--514--cell-fire-persons-reported.png,assets/icons/green/0517--514--cell-fire-persons-reported.png
518,515,Prison Wing Fire (Persons Reported),1,515,4,35.4,fire,fire,assets/icons/red/0518--515--prison-wing-fire-persons-reported.png,assets/icons/yellow/0518--515--prison-wing-fire-persons-reported.png,assets/icons/green/0518--515--prison-wing-fire-persons-reported.png
519,516,Prison Wing Fire (Major Incident) (Persons Reported),1,516,5,62.19,fire,fire,assets/icons/red/0519--516--prison-wing-fire-major-incident-persons-reported.png,assets/icons/yellow/0519--516--prison-wing-fire-major-incident-persons-reported.png,assets/icons/green/0519--516--prison-wing-fire-major-incident-persons-reported.png
520,517,Prison Wing Fire,1,517,3,13.91,fire,fire,assets/icons/red/0520--517--prison-wing-fire.png,assets/icons/yellow/0520--517--prison-wing-fire.png,assets/icons/green/0520--517--prison-wing-fire.png
521,518,Prison Wing Fire (Major Incident),1,518,4,35.39,fire,fire,assets/icons/red/0521--518--prison-wing-fire-major-incident.png,assets/icons/yellow/0521--518--prison-wing-fire-major-incident.png,assets/icons/green/0521--518--prison-wing-fire-major-incident.png
522,519,Youths Setting Fire,1,519,2,6.97,fire,fire,assets/icons/red/0522--519--youths-setting-fire.png,assets/icons/yellow/0522--519--youths-setting-fire.png,assets/icons/green/0522--519--youths-setting-fire.png
523,520,Community Engagement (Police),2,520 520/a,2,5.93,police,weather,assets/icons/red/0523--520--community-engagement-police.png,assets/icons/yellow/0523--520--community-engagement-police.png,assets/icons/green/0523--520--community-engagement-police.png
524,521,Community Engagement (Fire),1,521,2,5.3,fire,fire,assets/icons/red/0524--521--community-engagement-fire.png,assets/icons/yellow/0524--521--community-engagement-fire.png,assets/icons/green/0524--521--community-engagement-fire.png
525,522,Community Engagement (Ambulance),1,522,2,5.3,ambulance,medical,assets/icons/red/0525--522--community-engagement-ambulance.png,assets/icons/yellow/0525--522--community-engagement-ambulance.png,assets/icons/green/0525--522--community-engagement-ambulance.png
526,523,Debris in carriageway,1,523,1,2.57,police,police,assets/icons/red/0526--523--debris-in-carriageway.png,assets/icons/yellow/0526--523--debris-in-carriageway.png,assets/icons/green/0526--523--debris-in-carriageway.png
527,524,Debris in carriageway (Fast Road),1,524,2,4.22,police,police,assets/icons/red/0527--524--debris-in-carriageway-fast-road.png,assets/icons/yellow/0527--524--debris-in-carriageway-fast-road.png,assets/icons/green/0527--524--debris-in-carriageway-fast-road.png
528,525,Drowning in swimming pool,1,525,3,19.14,ambulance,marine,assets/icons/red/0528--525--drowning-in-swimming-pool.png,assets/icons/yellow/0528--525--drowning-in-swimming-pool.png,assets/icons/green/0528--525--drowning-in-swimming-pool.png
529,526,Fire Station Open Day,1,526,3,19.75,fire,fire,assets/icons/red/0529--526--fire-station-open-day.png,assets/icons/yellow/0529--526--fire-station-open-day.png,assets/icons/green/0529--526--fire-station-open-day.png
530,527,Factory Fire (Major Incident),2,527 527/a,5,75.01,fire,fire,assets/icons/red/0530--527--factory-fire-major-incident.png,assets/icons/yellow/0530--527--factory-fire-major-incident.png,assets/icons/green/0530--527--factory-fire-major-incident.png
531,528,Factory Fire (Major Incident) (Persons Reported),2,528 528/a,5,95.39,fire,fire,assets/icons/red/0531--528--factory-fire-major-incident-persons-reported.png,assets/icons/yellow/0531--528--factory-fire-major-incident-persons-reported.png,assets/icons/green/0531--528--factory-fire-major-incident-persons-reported.png
532,529,Threats to commit arson,1,529,3,12.83,fire,fire,assets/icons/red/0532--529--threats-to-commit-arson.png,assets/icons/yellow/0532--529--threats-to-commit-arson.png,assets/icons/green/0532--529--threats-to-commit-arson.png
533,530,Lithium Battery Fire,0,,3,0.0,mixed,fire,assets/icons/red/0533--530--lithium-battery-fire.png,assets/icons/yellow/0533--530--lithium-battery-fire.png,assets/icons/green/0533--530--lithium-battery-fire.png
534,531,Christmas Decoration Caught Fire,1,531,1,2.96,fire,fire,assets/icons/red/0534--531--christmas-decoration-caught-fire.png,assets/icons/yellow/0534--531--christmas-decoration-caught-fire.png,assets/icons/green/0534--531--christmas-decoration-caught-fire.png
535,532,Santa's Sled Blocking the Road,1,532,1,2.96,police,police,assets/icons/red/0535--532--santa-s-sled-blocking-the-road.png,assets/icons/yellow/0535--532--santa-s-sled-blocking-the-road.png,assets/icons/green/0535--532--santa-s-sled-blocking-the-road.png
536,533,Christmas Tree Stolen,1,533,1,3.96,police,crime,assets/icons/red/0536--533--christmas-tree-stolen.png,assets/icons/yellow/0536--533--christmas-tree-stolen.png,assets/icons/green/0536--533--christmas-tree-stolen.png
537,534,Christmas Presents Stolen in Mall,1,534,1,2.96,police,crime,assets/icons/red/0537--534--christmas-presents-stolen-in-mall.png,assets/icons/yellow/0537--534--christmas-presents-stolen-in-mall.png,assets/icons/green/0537--534--christmas-presents-stolen-in-mall.png
538,535,Lithium Battery Fire,1,535,2,6.56,fire,fire,assets/icons/red/0538--535--lithium-battery-fire.png,assets/icons/yellow/0538--535--lithium-battery-fire.png,assets/icons/green/0538--535--lithium-battery-fire.png
539,536,Suspect observations,1,536,2,4.51,police,police,assets/icons/red/0539--536--suspect-observations.png,assets/icons/yellow/0539--536--suspect-observations.png,assets/icons/green/0539--536--suspect-observations.png
540,537,Campfire sets woodshed on fire,1,537,3,10.45,fire,fire,assets/icons/red/0540--537--campfire-sets-woodshed-on-fire.png,assets/icons/yellow/0540--537--campfire-sets-woodshed-on-fire.png,assets/icons/green/0540--537--campfire-sets-woodshed-on-fire.png
541,538,Brawl on frozen lake,1,538,3,16.42,police,crowd,assets/icons/red/0541--538--brawl-on-frozen-lake.png,assets/icons/yellow/0541--538--brawl-on-frozen-lake.png,assets/icons/green/0541--538--brawl-on-frozen-lake.png
542,539,Iceskater slipped,1,539,3,11.45,ambulance,weather,assets/icons/red/0542--539--iceskater-slipped.png,assets/icons/yellow/0542--539--iceskater-slipped.png,assets/icons/green/0542--539--iceskater-slipped.png
543,540,Kids throwing snowballs on people and houses,1,540,1,2.3,police,weather,assets/icons/red/0543--540--kids-throwing-snowballs-on-people-and-houses.png,assets/icons/yellow/0543--540--kids-throwing-snowballs-on-people-and-houses.png,assets/icons/green/0543--540--kids-throwing-snowballs-on-people-and-houses.png
544,541,Smoking Electrical Equipment,1,541,1,2.57,fire,utilities,assets/icons/red/0544--541--smoking-electrical-equipment.png,assets/icons/yellow/0544--541--smoking-electrical-equipment.png,assets/icons/green/0544--541--smoking-electrical-equipment.png
545,542,Medical emergency on tall scaffolding,1,542,4,28.13,ambulance,medical,assets/icons/red/0545--542--medical-emergency-on-tall-scaffolding.png,assets/icons/yellow/0545--542--medical-emergency-on-tall-scaffolding.png,assets/icons/green/0545--542--medical-emergency-on-tall-scaffolding.png
546,543,Investigate Flare from coastline,1,543,1,3.8,marine,marine,assets/icons/red/0546--543--investigate-flare-from-coastline.png,assets/icons/yellow/0546--543--investigate-flare-from-coastline.png,assets/icons/green/0546--543--investigate-flare-from-coastline.png
547,544,Investigate Flare,1,544,4,22.52,marine,marine,assets/icons/red/0547--544--investigate-flare.png,assets/icons/yellow/0547--544--investigate-flare.png,assets/icons/green/0547--544--investigate-flare.png
548,545,Abandoned Flares,1,545,1,3.8,marine,marine,assets/icons/red/0548--545--abandoned-flares.png,assets/icons/yellow/0548--545--abandoned-flares.png,assets/icons/green/0548--545--abandoned-flares.png
549,546,Mud Rescue,1,546,4,36.49,marine,rescue,assets/icons/red/0549--546--mud-rescue.png,assets/icons/yellow/0549--546--mud-rescue.png,assets/icons/green/0549--546--mud-rescue.png
550,547,Hovercraft Assist Coastguard Mud Rescue,1,547,4,38.87,marine,marine,assets/icons/red/0550--547--hovercraft-assist-coastguard-mud-rescue.png,assets/icons/yellow/0550--547--hovercraft-assist-coastguard-mud-rescue.png,assets/icons/green/0550--547--hovercraft-assist-coastguard-mud-rescue.png
551,548,Person Stuck on Cliff,1,548,3,19.43,marine,mountain,assets/icons/red/0551--548--person-stuck-on-cliff.png,assets/icons/yellow/0551--548--person-stuck-on-cliff.png,assets/icons/green/0551--548--person-stuck-on-cliff.png
552,549,Fallen From Cliff,1,549,4,26.33,marine,mountain,assets/icons/red/0552--549--fallen-from-cliff.png,assets/icons/yellow/0552--549--fallen-from-cliff.png,assets/icons/green/0552--549--fallen-from-cliff.png
553,550,"Fallen From Cliff, Winch Required",1,550,4,29.66,marine,mountain,assets/icons/red/0553--550--fallen-from-cliff-winch-required.png,assets/icons/yellow/0553--550--fallen-from-cliff-winch-required.png,assets/icons/green/0553--550--fallen-from-cliff-winch-required.png
554,551,"Medical Evacuation From Coastline, Broken Leg",1,551,3,11.38,marine,marine,assets/icons/red/0554--551--medical-evacuation-from-coastline-broken-leg.png,assets/icons/yellow/0554--551--medical-evacuation-from-coastline-broken-leg.png,assets/icons/green/0554--551--medical-evacuation-from-coastline-broken-leg.png
555,552,Medical Evacuation from Moored Vessel,1,552,3,20.22,marine,marine,assets/icons/red/0555--552--medical-evacuation-from-moored-vessel.png,assets/icons/yellow/0555--552--medical-evacuation-from-moored-vessel.png,assets/icons/green/0555--552--medical-evacuation-from-moored-vessel.png
556,553,Evacuation from Cruise Liner,1,553,4,28.97,marine,marine,assets/icons/red/0556--553--evacuation-from-cruise-liner.png,assets/icons/yellow/0556--553--evacuation-from-cruise-liner.png,assets/icons/green/0556--553--evacuation-from-cruise-liner.png
557,554,Evacuation from Cruise Liner MAJOR,1,554,5,55.03,marine,marine,assets/icons/red/0557--554--evacuation-from-cruise-liner-major.png,assets/icons/yellow/0557--554--evacuation-from-cruise-liner-major.png,assets/icons/green/0557--554--evacuation-from-cruise-liner-major.png
558,555,Investigate Washed Up Boat,1,555,3,18.31,marine,marine,assets/icons/red/0558--555--investigate-washed-up-boat.png,assets/icons/yellow/0558--555--investigate-washed-up-boat.png,assets/icons/green/0558--555--investigate-washed-up-boat.png
559,556,Persons Cut off by Tide,1,556,3,16.79,marine,marine,assets/icons/red/0559--556--persons-cut-off-by-tide.png,assets/icons/yellow/0559--556--persons-cut-off-by-tide.png,assets/icons/green/0559--556--persons-cut-off-by-tide.png
560,557,Give Safety Advice,1,557,1,3.22,marine,weather,assets/icons/red/0560--557--give-safety-advice.png,assets/icons/yellow/0560--557--give-safety-advice.png,assets/icons/green/0560--557--give-safety-advice.png
561,558,Public Engagement,1,558,2,5.95,marine,marine,assets/icons/red/0561--558--public-engagement.png,assets/icons/yellow/0561--558--public-engagement.png,assets/icons/green/0561--558--public-engagement.png
562,559,Man Remote Radio Site,1,559,2,7.74,marine,marine,assets/icons/red/0562--559--man-remote-radio-site.png,assets/icons/yellow/0562--559--man-remote-radio-site.png,assets/icons/green/0562--559--man-remote-radio-site.png
563,560,Man Remote Radio Site - Prolonged Outage,1,560,3,10.3,marine,marine,assets/icons/red/0563--560--man-remote-radio-site-prolonged-outage.png,assets/icons/yellow/0563--560--man-remote-radio-site-prolonged-outage.png,assets/icons/green/0563--560--man-remote-radio-site-prolonged-outage.png
564,561,Broken Down Boat,1,561,2,5.95,marine,marine,assets/icons/red/0564--561--broken-down-boat.png,assets/icons/yellow/0564--561--broken-down-boat.png,assets/icons/green/0564--561--broken-down-boat.png
565,562,Medivac from vessel,1,562,4,22.91,marine,marine,assets/icons/red/0565--562--medivac-from-vessel.png,assets/icons/yellow/0565--562--medivac-from-vessel.png,assets/icons/green/0565--562--medivac-from-vessel.png
566,563,Swimmer in distress,2,563 563/a,4,21.88,marine,marine,assets/icons/red/0566--563--swimmer-in-distress.png,assets/icons/yellow/0566--563--swimmer-in-distress.png,assets/icons/green/0566--563--swimmer-in-distress.png
567,564,Medical Emergency on beach,1,564,3,18.33,marine,medical,assets/icons/red/0567--564--medical-emergency-on-beach.png,assets/icons/yellow/0567--564--medical-emergency-on-beach.png,assets/icons/green/0567--564--medical-emergency-on-beach.png
568,565,Vehicle trapped in flood water,2,565 565/a,4,28.63,marine,weather,assets/icons/red/0568--565--vehicle-trapped-in-flood-water.png,assets/icons/yellow/0568--565--vehicle-trapped-in-flood-water.png,assets/icons/green/0568--565--vehicle-trapped-in-flood-water.png
569,566,Person trapped in flood water,1,566,4,22.93,marine,weather,assets/icons/red/0569--566--person-trapped-in-flood-water.png,assets/icons/yellow/0569--566--person-trapped-in-flood-water.png,assets/icons/green/0569--566--person-trapped-in-flood-water.png
570,567,Rescue Boat Assist Coastguard Mud Rescue,1,567,4,38.87,marine,marine,assets/icons/red/0570--567--rescue-boat-assist-coastguard-mud-rescue.png,assets/icons/yellow/0570--567--rescue-boat-assist-coastguard-mud-rescue.png,assets/icons/green/0570--567--rescue-boat-assist-coastguard-mud-rescue.png
571,568,Mud Rescue MAJOR,1,568,5,72.68,marine,rescue,assets/icons/red/0571--568--mud-rescue-major.png,assets/icons/yellow/0571--568--mud-rescue-major.png,assets/icons/green/0571--568--mud-rescue-major.png
572,569,"Rescue Boat Assist Coastguard, Persons Cut off by Tide",1,569,4,22.07,marine,marine,assets/icons/red/0572--569--rescue-boat-assist-coastguard-persons-cut-off-by-tide.png,assets/icons/yellow/0572--569--rescue-boat-assist-coastguard-persons-cut-off-by-tide.png,assets/icons/green/0572--569--rescue-boat-assist-coastguard-persons-cut-off-by-tide.png
573,570,Fire in a paper mill,1,570,2,5.55,fire,fire,assets/icons/red/0573--570--fire-in-a-paper-mill.png,assets/icons/yellow/0573--570--fire-in-a-paper-mill.png,assets/icons/green/0573--570--fire-in-a-paper-mill.png
574,571,Vertigo,1,571,1,3.98,ambulance,medical,assets/icons/red/0574--571--vertigo.png,assets/icons/yellow/0574--571--vertigo.png,assets/icons/green/0574--571--vertigo.png
575,572,Accident when baking valentine dinner,1,572,1,3.57,fire,fire,assets/icons/red/0575--572--accident-when-baking-valentine-dinner.png,assets/icons/yellow/0575--572--accident-when-baking-valentine-dinner.png,assets/icons/green/0575--572--accident-when-baking-valentine-dinner.png
576,573,Burning Valentine Bouquet,1,573,1,3.57,fire,fire,assets/icons/red/0576--573--burning-valentine-bouquet.png,assets/icons/yellow/0576--573--burning-valentine-bouquet.png,assets/icons/green/0576--573--burning-valentine-bouquet.png
577,574,Fire from candle light dinner,1,574,1,2.24,fire,fire,assets/icons/red/0577--574--fire-from-candle-light-dinner.png,assets/icons/yellow/0577--574--fire-from-candle-light-dinner.png,assets/icons/green/0577--574--fire-from-candle-light-dinner.png
578,575,Fire in wind turbine,1,575,2,5.8,fire,fire,assets/icons/red/0578--575--fire-in-wind-turbine.png,assets/icons/yellow/0578--575--fire-in-wind-turbine.png,assets/icons/green/0578--575--fire-in-wind-turbine.png
579,576,Facial Droop,1,576,2,6.54,ambulance,medical,assets/icons/red/0579--576--facial-droop.png,assets/icons/yellow/0579--576--facial-droop.png,assets/icons/green/0579--576--facial-droop.png
580,577,Person stuck in swing,1,577,1,2.36,fire,rescue,assets/icons/red/0580--577--person-stuck-in-swing.png,assets/icons/yellow/0580--577--person-stuck-in-swing.png,assets/icons/green/0580--577--person-stuck-in-swing.png
581,578,Hypovolemic shock,1,578,2,7.33,ambulance,medical,assets/icons/red/0581--578--hypovolemic-shock.png,assets/icons/yellow/0581--578--hypovolemic-shock.png,assets/icons/green/0581--578--hypovolemic-shock.png
582,579,Fire in heritage building,1,579,4,26.55,fire,fire,assets/icons/red/0582--579--fire-in-heritage-building.png,assets/icons/yellow/0582--579--fire-in-heritage-building.png,assets/icons/green/0582--579--fire-in-heritage-building.png
583,580,Upper Back Pain,1,580,3,12.46,ambulance,medical,assets/icons/red/0583--580--upper-back-pain.png,assets/icons/yellow/0583--580--upper-back-pain.png,assets/icons/green/0583--580--upper-back-pain.png
584,581,Mental Health admission,0,,2,0.0,mixed,response,assets/icons/red/0584--581--mental-health-admission.png,assets/icons/yellow/0584--581--mental-health-admission.png,assets/icons/green/0584--581--mental-health-admission.png
585,582,Fallen from E Scooter,1,582,3,12.48,ambulance,medical,assets/icons/red/0585--582--fallen-from-e-scooter.png,assets/icons/yellow/0585--582--fallen-from-e-scooter.png,assets/icons/green/0585--582--fallen-from-e-scooter.png
586,583,Medium Aircraft Emergency Landing in Estuary Mud,1,583,5,129.1,marine,aircraft,assets/icons/red/0586--583--medium-aircraft-emergency-landing-in-estuary-mud.png,assets/icons/yellow/0586--583--medium-aircraft-emergency-landing-in-estuary-mud.png,assets/icons/green/0586--583--medium-aircraft-emergency-landing-in-estuary-mud.png
587,584,Premise Alarm,1,584,1,2.36,police,police,assets/icons/red/0587--584--premise-alarm.png,assets/icons/yellow/0587--584--premise-alarm.png,assets/icons/green/0587--584--premise-alarm.png
588,585,Absent Seizure,1,585,2,5.99,ambulance,medical,assets/icons/red/0588--585--absent-seizure.png,assets/icons/yellow/0588--585--absent-seizure.png,assets/icons/green/0588--585--absent-seizure.png
589,586,Aircraft Accident - Code A,1,586,4,46.5,fire,aircraft,assets/icons/red/0589--586--aircraft-accident-code-a.png,assets/icons/yellow/0589--586--aircraft-accident-code-a.png,assets/icons/green/0589--586--aircraft-accident-code-a.png
590,587,Aircraft Accident - Code C,1,587,5,104.7,fire,aircraft,assets/icons/red/0590--587--aircraft-accident-code-c.png,assets/icons/yellow/0590--587--aircraft-accident-code-c.png,assets/icons/green/0590--587--aircraft-accident-code-c.png
591,588,Aircraft Accident - Code F,1,588,5,128.5,fire,aircraft,assets/icons/red/0591--588--aircraft-accident-code-f.png,assets/icons/yellow/0591--588--aircraft-accident-code-f.png,assets/icons/green/0591--588--aircraft-accident-code-f.png
592,589,Aircraft Accident - Code D,1,589,5,68.71,fire,aircraft,assets/icons/red/0592--589--aircraft-accident-code-d.png,assets/icons/yellow/0592--589--aircraft-accident-code-d.png,assets/icons/green/0592--589--aircraft-accident-code-d.png
593,590,Hot Brakes - Code D,1,590,5,71.32,fire,fire,assets/icons/red/0593--590--hot-brakes-code-d.png,assets/icons/yellow/0593--590--hot-brakes-code-d.png,assets/icons/green/0593--590--hot-brakes-code-d.png
594,591,Aircraft Leaking Fuel - Code A,1,591,2,4.48,fire,aircraft,assets/icons/red/0594--591--aircraft-leaking-fuel-code-a.png,assets/icons/yellow/0594--591--aircraft-leaking-fuel-code-a.png,assets/icons/green/0594--591--aircraft-leaking-fuel-code-a.png
595,592,Bird Strike - Code A,1,592,3,15.65,fire,aircraft,assets/icons/red/0595--592--bird-strike-code-a.png,assets/icons/yellow/0595--592--bird-strike-code-a.png,assets/icons/green/0595--592--bird-strike-code-a.png
596,593,Bird Strike - Code B,1,593,4,22.78,fire,aircraft,assets/icons/red/0596--593--bird-strike-code-b.png,assets/icons/yellow/0596--593--bird-strike-code-b.png,assets/icons/green/0596--593--bird-strike-code-b.png
597,594,Runway Inspection,1,594,2,4.48,police,aircraft,assets/icons/red/0597--594--runway-inspection.png,assets/icons/yellow/0597--594--runway-inspection.png,assets/icons/green/0597--594--runway-inspection.png
598,595,Dead whale washed up,1,595,1,3.8,marine,marine,assets/icons/red/0598--595--dead-whale-washed-up.png,assets/icons/yellow/0598--595--dead-whale-washed-up.png,assets/icons/green/0598--595--dead-whale-washed-up.png
599,596,Fall detector alarm,1,596,1,3.49,ambulance,medical,assets/icons/red/0599--596--fall-detector-alarm.png,assets/icons/yellow/0599--596--fall-detector-alarm.png,assets/icons/green/0599--596--fall-detector-alarm.png
600,597,Persons stuck on scaffolding,1,597,2,4.57,fire,rescue,assets/icons/red/0600--597--persons-stuck-on-scaffolding.png,assets/icons/yellow/0600--597--persons-stuck-on-scaffolding.png,assets/icons/green/0600--597--persons-stuck-on-scaffolding.png
601,598,EPIRB Activation (Offshore),1,598,4,29.5,marine,marine,assets/icons/red/0601--598--epirb-activation-offshore.png,assets/icons/yellow/0601--598--epirb-activation-offshore.png,assets/icons/green/0601--598--epirb-activation-offshore.png
602,599,EPIRB Activation (Marina),1,599,4,34.41,marine,marine,assets/icons/red/0602--599--epirb-activation-marina.png,assets/icons/yellow/0602--599--epirb-activation-marina.png,assets/icons/green/0602--599--epirb-activation-marina.png
603,600,Yacht crew with head injury,1,600,4,21.8,marine,medical,assets/icons/red/0603--600--yacht-crew-with-head-injury.png,assets/icons/yellow/0603--600--yacht-crew-with-head-injury.png,assets/icons/green/0603--600--yacht-crew-with-head-injury.png
604,601,Demonstration against the construction of a motorway project,2,601 601/a,3,12.47,police,crowd,assets/icons/red/0604--601--demonstration-against-the-construction-of-a-motorway-project.png,assets/icons/yellow/0604--601--demonstration-against-the-construction-of-a-motorway-project.png,assets/icons/green/0604--601--demonstration-against-the-construction-of-a-motorway-project.png
605,602,Motorcycle Hits Pedestrian,1,602,4,24.11,fire,fire,assets/icons/red/0605--602--motorcycle-hits-pedestrian.png,assets/icons/yellow/0605--602--motorcycle-hits-pedestrian.png,assets/icons/green/0605--602--motorcycle-hits-pedestrian.png
606,603,Wasp attack,1,603,2,6.68,ambulance,medical,assets/icons/red/0606--603--wasp-attack.png,assets/icons/yellow/0606--603--wasp-attack.png,assets/icons/green/0606--603--wasp-attack.png
607,604,Fractured Cylinder/Cylinder Venting,1,604,2,5.3,fire,fire,assets/icons/red/0607--604--fractured-cylinder-cylinder-venting.png,assets/icons/yellow/0607--604--fractured-cylinder-cylinder-venting.png,assets/icons/green/0607--604--fractured-cylinder-cylinder-venting.png
608,605,Risk fan escort,2,605 605/a,4,29.57,police,police,assets/icons/red/0608--605--risk-fan-escort.png,assets/icons/yellow/0608--605--risk-fan-escort.png,assets/icons/green/0608--605--risk-fan-escort.png
609,606,Person stuck in bath,1,606,3,10.5,fire,rescue,assets/icons/red/0609--606--person-stuck-in-bath.png,assets/icons/yellow/0609--606--person-stuck-in-bath.png,assets/icons/green/0609--606--person-stuck-in-bath.png
610,607,Hand stuck in window,1,607,3,10.5,fire,weather,assets/icons/red/0610--607--hand-stuck-in-window.png,assets/icons/yellow/0610--607--hand-stuck-in-window.png,assets/icons/green/0610--607--hand-stuck-in-window.png
611,608,Rival Fans Mass Disorder (Small),1,608,4,31.81,police,crowd,assets/icons/red/0611--608--rival-fans-mass-disorder-small.png,assets/icons/yellow/0611--608--rival-fans-mass-disorder-small.png,assets/icons/green/0611--608--rival-fans-mass-disorder-small.png
612,609,Rival Fans Mass Disorder (Medium),1,609,4,41.78,police,crowd,assets/icons/red/0612--609--rival-fans-mass-disorder-medium.png,assets/icons/yellow/0612--609--rival-fans-mass-disorder-medium.png,assets/icons/green/0612--609--rival-fans-mass-disorder-medium.png
613,610,Rival Fans Mass Disorder (Large),1,610,5,64.41,police,crowd,assets/icons/red/0613--610--rival-fans-mass-disorder-large.png,assets/icons/yellow/0613--610--rival-fans-mass-disorder-large.png,assets/icons/green/0613--610--rival-fans-mass-disorder-large.png
614,611,Flooded Basement,1,611,1,3.92,fire,weather,assets/icons/red/0614--611--flooded-basement.png,assets/icons/yellow/0614--611--flooded-basement.png,assets/icons/green/0614--611--flooded-basement.png
615,612,Domestic flooding (Small),1,612,2,4.71,fire,weather,assets/icons/red/0615--612--domestic-flooding-small.png,assets/icons/yellow/0615--612--domestic-flooding-small.png,assets/icons/green/0615--612--domestic-flooding-small.png
616,613,Domestic flooding (Large),1,613,2,6.56,fire,weather,assets/icons/red/0616--613--domestic-flooding-large.png,assets/icons/yellow/0616--613--domestic-flooding-large.png,assets/icons/green/0616--613--domestic-flooding-large.png
617,614,Flooding in a neighborhood following bad weather,1,614,3,20.5,fire,weather,assets/icons/red/0617--614--flooding-in-a-neighborhood-following-bad-weather.png,assets/icons/yellow/0617--614--flooding-in-a-neighborhood-following-bad-weather.png,assets/icons/green/0617--614--flooding-in-a-neighborhood-following-bad-weather.png
618,615,Major flooding in a neighborhood following bad weather,1,615,4,37.37,fire,weather,assets/icons/red/0618--615--major-flooding-in-a-neighborhood-following-bad-weather.png,assets/icons/yellow/0618--615--major-flooding-in-a-neighborhood-following-bad-weather.png,assets/icons/green/0618--615--major-flooding-in-a-neighborhood-following-bad-weather.png
619,616,Rising waters of the canal (Flood),1,616,5,58.45,fire,weather,assets/icons/red/0619--616--rising-waters-of-the-canal-flood.png,assets/icons/yellow/0619--616--rising-waters-of-the-canal-flood.png,assets/icons/green/0619--616--rising-waters-of-the-canal-flood.png
620,617,Pitch Invaders Refusing To Leave (Small),1,617,3,19.9,police,police,assets/icons/red/0620--617--pitch-invaders-refusing-to-leave-small.png,assets/icons/yellow/0620--617--pitch-invaders-refusing-to-leave-small.png,assets/icons/green/0620--617--pitch-invaders-refusing-to-leave-small.png
621,618,Pitch Invaders Refusing To Leave (Medium),1,618,4,37.29,police,police,assets/icons/red/0621--618--pitch-invaders-refusing-to-leave-medium.png,assets/icons/yellow/0621--618--pitch-invaders-refusing-to-leave-medium.png,assets/icons/green/0621--618--pitch-invaders-refusing-to-leave-medium.png
622,619,Pitch Invaders Refusing To Leave (Large),1,619,4,46.2,police,police,assets/icons/red/0622--619--pitch-invaders-refusing-to-leave-large.png,assets/icons/yellow/0622--619--pitch-invaders-refusing-to-leave-large.png,assets/icons/green/0622--619--pitch-invaders-refusing-to-leave-large.png
623,620,Football Pub Fight,1,620,3,13.3,police,crowd,assets/icons/red/0623--620--football-pub-fight.png,assets/icons/yellow/0623--620--football-pub-fight.png,assets/icons/green/0623--620--football-pub-fight.png
624,621,Fan Stopped with Flare,1,621,1,2.57,police,police,assets/icons/red/0624--621--fan-stopped-with-flare.png,assets/icons/yellow/0624--621--fan-stopped-with-flare.png,assets/icons/green/0624--621--fan-stopped-with-flare.png
625,622,Group Throwing Flares,1,622,2,9.93,police,police,assets/icons/red/0625--622--group-throwing-flares.png,assets/icons/yellow/0625--622--group-throwing-flares.png,assets/icons/green/0625--622--group-throwing-flares.png
626,623,Travelling Fan Serial,2,623 623/a,2,7.9,police,crowd,assets/icons/red/0626--623--travelling-fan-serial.png,assets/icons/yellow/0626--623--travelling-fan-serial.png,assets/icons/green/0626--623--travelling-fan-serial.png
627,624,Smell of petrol (domestic),1,624,1,3.15,fire,fire,assets/icons/red/0627--624--smell-of-petrol-domestic.png,assets/icons/yellow/0627--624--smell-of-petrol-domestic.png,assets/icons/green/0627--624--smell-of-petrol-domestic.png
628,625,Gain entry - houseboat (concern for welfare),1,625,4,22.21,fire,marine,assets/icons/red/0628--625--gain-entry-houseboat-concern-for-welfare.png,assets/icons/yellow/0628--625--gain-entry-houseboat-concern-for-welfare.png,assets/icons/green/0628--625--gain-entry-houseboat-concern-for-welfare.png
629,626,Sauna on Fire,1,626,3,17.92,fire,fire,assets/icons/red/0629--626--sauna-on-fire.png,assets/icons/yellow/0629--626--sauna-on-fire.png,assets/icons/green/0629--626--sauna-on-fire.png
630,627,Altered Consciousness,1,627,2,4.96,ambulance,medical,assets/icons/red/0630--627--altered-consciousness.png,assets/icons/yellow/0630--627--altered-consciousness.png,assets/icons/green/0630--627--altered-consciousness.png
631,628,Shortness of Breath,1,628,2,4.96,ambulance,medical,assets/icons/red/0631--628--shortness-of-breath.png,assets/icons/yellow/0631--628--shortness-of-breath.png,assets/icons/green/0631--628--shortness-of-breath.png
632,629,Chest Tightness,1,629,2,4.96,ambulance,medical,assets/icons/red/0632--629--chest-tightness.png,assets/icons/yellow/0632--629--chest-tightness.png,assets/icons/green/0632--629--chest-tightness.png
633,630,Body Aches,1,630,2,4.92,ambulance,medical,assets/icons/red/0633--630--body-aches.png,assets/icons/yellow/0633--630--body-aches.png,assets/icons/green/0633--630--body-aches.png
634,631,Stomach Cramps,1,631,2,4.92,ambulance,medical,assets/icons/red/0634--631--stomach-cramps.png,assets/icons/yellow/0634--631--stomach-cramps.png,assets/icons/green/0634--631--stomach-cramps.png
635,632,Unconscious Adult,1,632,3,11.53,ambulance,cardiac,assets/icons/red/0635--632--unconscious-adult.png,assets/icons/yellow/0635--632--unconscious-adult.png,assets/icons/green/0635--632--unconscious-adult.png
636,633,Unconscious Child,1,633,3,11.54,ambulance,cardiac,assets/icons/red/0636--633--unconscious-child.png,assets/icons/yellow/0636--633--unconscious-child.png,assets/icons/green/0636--633--unconscious-child.png
637,634,Severe Respiratory Distress,1,634,3,11.55,ambulance,medical,assets/icons/red/0637--634--severe-respiratory-distress.png,assets/icons/yellow/0637--634--severe-respiratory-distress.png,assets/icons/green/0637--634--severe-respiratory-distress.png
638,635,High Risk Missing Person,1,635,4,40.17,marine,crime,assets/icons/red/0638--635--high-risk-missing-person.png,assets/icons/yellow/0638--635--high-risk-missing-person.png,assets/icons/green/0638--635--high-risk-missing-person.png
639,636,Very High Risk Missing Person,1,636,4,42.3,marine,crime,assets/icons/red/0639--636--very-high-risk-missing-person.png,assets/icons/yellow/0639--636--very-high-risk-missing-person.png,assets/icons/green/0639--636--very-high-risk-missing-person.png
640,637,Community event,1,637,2,5.56,marine,marine,assets/icons/red/0640--637--community-event.png,assets/icons/yellow/0640--637--community-event.png,assets/icons/green/0640--637--community-event.png
641,638,Fire - Electrical Installation,1,638,1,4.15,fire,fire,assets/icons/red/0641--638--fire-electrical-installation.png,assets/icons/yellow/0641--638--fire-electrical-installation.png,assets/icons/green/0641--638--fire-electrical-installation.png
642,639,Child stuck in tree,1,639,3,17.38,fire,rescue,assets/icons/red/0642--639--child-stuck-in-tree.png,assets/icons/yellow/0642--639--child-stuck-in-tree.png,assets/icons/green/0642--639--child-stuck-in-tree.png
643,640,Child swallows cleaning supply,1,640,2,7.12,ambulance,medical,assets/icons/red/0643--640--child-swallows-cleaning-supply.png,assets/icons/yellow/0643--640--child-swallows-cleaning-supply.png,assets/icons/green/0643--640--child-swallows-cleaning-supply.png
644,641,Pediatric CPR,0,,3,0.0,mixed,response,assets/icons/red/0644--641--pediatric-cpr.png,assets/icons/yellow/0644--641--pediatric-cpr.png,assets/icons/green/0644--641--pediatric-cpr.png
645,642,Kid stuck in Climbing Frame,1,642,4,23.61,ambulance,rescue,assets/icons/red/0645--642--kid-stuck-in-climbing-frame.png,assets/icons/yellow/0645--642--kid-stuck-in-climbing-frame.png,assets/icons/green/0645--642--kid-stuck-in-climbing-frame.png
646,643,Livestock on road,1,643,1,4.04,police,animal,assets/icons/red/0646--643--livestock-on-road.png,assets/icons/yellow/0646--643--livestock-on-road.png,assets/icons/green/0646--643--livestock-on-road.png
647,644,Student Protest,1,644,2,7.78,police,crowd,assets/icons/red/0647--644--student-protest.png,assets/icons/yellow/0647--644--student-protest.png,assets/icons/green/0647--644--student-protest.png
648,645,Palpitations,1,645,2,5.84,ambulance,medical,assets/icons/red/0648--645--palpitations.png,assets/icons/yellow/0648--645--palpitations.png,assets/icons/green/0648--645--palpitations.png
649,646,UTI,1,646,2,5.81,ambulance,medical,assets/icons/red/0649--646--uti.png,assets/icons/yellow/0649--646--uti.png,assets/icons/green/0649--646--uti.png
650,647,One Sided Weakness,1,647,2,5.85,ambulance,medical,assets/icons/red/0650--647--one-sided-weakness.png,assets/icons/yellow/0650--647--one-sided-weakness.png,assets/icons/green/0650--647--one-sided-weakness.png
651,648,Slurred Speech,1,648,2,5.85,ambulance,medical,assets/icons/red/0651--648--slurred-speech.png,assets/icons/yellow/0651--648--slurred-speech.png,assets/icons/green/0651--648--slurred-speech.png
652,649,Christmas arch on fire,1,649,1,2.67,fire,fire,assets/icons/red/0652--649--christmas-arch-on-fire.png,assets/icons/yellow/0652--649--christmas-arch-on-fire.png,assets/icons/green/0652--649--christmas-arch-on-fire.png
653,650,Theft of Christmas presents,1,650,1,3.76,police,crime,assets/icons/red/0653--650--theft-of-christmas-presents.png,assets/icons/yellow/0653--650--theft-of-christmas-presents.png,assets/icons/green/0653--650--theft-of-christmas-presents.png
654,651,Abdominal Pain,1,651,2,5.82,ambulance,medical,assets/icons/red/0654--651--abdominal-pain.png,assets/icons/yellow/0654--651--abdominal-pain.png,assets/icons/green/0654--651--abdominal-pain.png
655,652,Santa Claus stuck in the chimney,1,652,3,20.32,fire,rescue,assets/icons/red/0655--652--santa-claus-stuck-in-the-chimney.png,assets/icons/yellow/0655--652--santa-claus-stuck-in-the-chimney.png,assets/icons/green/0655--652--santa-claus-stuck-in-the-chimney.png
656,653,Falling Christmas decoration on public roads,1,653,1,2.36,fire,medical,assets/icons/red/0656--653--falling-christmas-decoration-on-public-roads.png,assets/icons/yellow/0656--653--falling-christmas-decoration-on-public-roads.png,assets/icons/green/0656--653--falling-christmas-decoration-on-public-roads.png
657,654,General Weakness,1,654,2,5.82,ambulance,medical,assets/icons/red/0657--654--general-weakness.png,assets/icons/yellow/0657--654--general-weakness.png,assets/icons/green/0657--654--general-weakness.png
658,655,HCP Admission,1,655,3,12.34,ambulance,medical,assets/icons/red/0658--655--hcp-admission.png,assets/icons/yellow/0658--655--hcp-admission.png,assets/icons/green/0658--655--hcp-admission.png
659,656,Person burned from hot chocolate,1,656,3,12.66,ambulance,medical,assets/icons/red/0659--656--person-burned-from-hot-chocolate.png,assets/icons/yellow/0659--656--person-burned-from-hot-chocolate.png,assets/icons/green/0659--656--person-burned-from-hot-chocolate.png
660,657,Sledding accident,1,657,3,12.66,ambulance,medical,assets/icons/red/0660--657--sledding-accident.png,assets/icons/yellow/0660--657--sledding-accident.png,assets/icons/green/0660--657--sledding-accident.png
661,658,Person Slipped on a patch of ice,1,658,3,12.67,ambulance,weather,assets/icons/red/0661--658--person-slipped-on-a-patch-of-ice.png,assets/icons/yellow/0661--658--person-slipped-on-a-patch-of-ice.png,assets/icons/green/0661--658--person-slipped-on-a-patch-of-ice.png
662,659,Truck overturned due to ice,1,659,3,20.55,fire,weather,assets/icons/red/0662--659--truck-overturned-due-to-ice.png,assets/icons/yellow/0662--659--truck-overturned-due-to-ice.png,assets/icons/green/0662--659--truck-overturned-due-to-ice.png
663,660,Vehicle collision due to ice,1,660,4,24.13,fire,collision,assets/icons/red/0663--660--vehicle-collision-due-to-ice.png,assets/icons/yellow/0663--660--vehicle-collision-due-to-ice.png,assets/icons/green/0663--660--vehicle-collision-due-to-ice.png
664,661,Unconcious Head Injury,1,661,3,12.42,ambulance,medical,assets/icons/red/0664--661--unconcious-head-injury.png,assets/icons/yellow/0664--661--unconcious-head-injury.png,assets/icons/green/0664--661--unconcious-head-injury.png
665,662,Fire in a town hall,1,662,4,39.01,fire,fire,assets/icons/red/0665--662--fire-in-a-town-hall.png,assets/icons/yellow/0665--662--fire-in-a-town-hall.png,assets/icons/green/0665--662--fire-in-a-town-hall.png
666,663,Vomiting Blood,1,663,2,5.85,ambulance,medical,assets/icons/red/0666--663--vomiting-blood.png,assets/icons/yellow/0666--663--vomiting-blood.png,assets/icons/green/0666--663--vomiting-blood.png
667,664,Hunting accident,1,664,3,12.32,ambulance,medical,assets/icons/red/0667--664--hunting-accident.png,assets/icons/yellow/0667--664--hunting-accident.png,assets/icons/green/0667--664--hunting-accident.png
668,665,Exacerbation Of COPD,1,665,2,5.85,ambulance,medical,assets/icons/red/0668--665--exacerbation-of-copd.png,assets/icons/yellow/0668--665--exacerbation-of-copd.png,assets/icons/green/0668--665--exacerbation-of-copd.png
669,666,Spillage of chemicals (Small),1,666,4,35.36,fire,hazmat,assets/icons/red/0669--666--spillage-of-chemicals-small.png,assets/icons/yellow/0669--666--spillage-of-chemicals-small.png,assets/icons/green/0669--666--spillage-of-chemicals-small.png
670,667,Spillage of chemicals (Large),2,667 667/a,4,47.51,fire,hazmat,assets/icons/red/0670--667--spillage-of-chemicals-large.png,assets/icons/yellow/0670--667--spillage-of-chemicals-large.png,assets/icons/green/0670--667--spillage-of-chemicals-large.png
671,668,Take away shop fire (Small),1,668,2,5.04,fire,fire,assets/icons/red/0671--668--take-away-shop-fire-small.png,assets/icons/yellow/0671--668--take-away-shop-fire-small.png,assets/icons/green/0671--668--take-away-shop-fire-small.png
672,669,Take away shop fire (Medium),1,669,2,9.95,fire,fire,assets/icons/red/0672--669--take-away-shop-fire-medium.png,assets/icons/yellow/0672--669--take-away-shop-fire-medium.png,assets/icons/green/0672--669--take-away-shop-fire-medium.png
673,670,Take away shop fire (Large),1,670,4,27.58,fire,fire,assets/icons/red/0673--670--take-away-shop-fire-large.png,assets/icons/yellow/0673--670--take-away-shop-fire-large.png,assets/icons/green/0673--670--take-away-shop-fire-large.png
674,671,Festival Security,1,671,4,32.7,police,police,assets/icons/red/0674--671--festival-security.png,assets/icons/yellow/0674--671--festival-security.png,assets/icons/green/0674--671--festival-security.png
675,672,Rappelling demonstration,1,672,2,4.69,fire,crowd,assets/icons/red/0675--672--rappelling-demonstration.png,assets/icons/yellow/0675--672--rappelling-demonstration.png,assets/icons/green/0675--672--rappelling-demonstration.png
676,673,Sporting event security,1,673,3,16.17,police,police,assets/icons/red/0676--673--sporting-event-security.png,assets/icons/yellow/0676--673--sporting-event-security.png,assets/icons/green/0676--673--sporting-event-security.png
677,674,Fire hydrant control,1,674,1,2.52,fire,fire,assets/icons/red/0677--674--fire-hydrant-control.png,assets/icons/yellow/0677--674--fire-hydrant-control.png,assets/icons/green/0677--674--fire-hydrant-control.png
678,675,Wanted person on flight,1,675,1,2.36,police,police,assets/icons/red/0678--675--wanted-person-on-flight.png,assets/icons/yellow/0678--675--wanted-person-on-flight.png,assets/icons/green/0678--675--wanted-person-on-flight.png
679,676,Injured person found in park,1,676,2,5.82,police,medical,assets/icons/red/0679--676--injured-person-found-in-park.png,assets/icons/yellow/0679--676--injured-person-found-in-park.png,assets/icons/green/0679--676--injured-person-found-in-park.png
680,677,Fire on a cruise ship at the dock,1,677,5,82.25,fire,marine,assets/icons/red/0680--677--fire-on-a-cruise-ship-at-the-dock.png,assets/icons/yellow/0680--677--fire-on-a-cruise-ship-at-the-dock.png,assets/icons/green/0680--677--fire-on-a-cruise-ship-at-the-dock.png
681,678,Leakage of chemicals in a laboratory (hospital),1,678,4,44.57,fire,hazmat,assets/icons/red/0681--678--leakage-of-chemicals-in-a-laboratory-hospital.png,assets/icons/yellow/0681--678--leakage-of-chemicals-in-a-laboratory-hospital.png,assets/icons/green/0681--678--leakage-of-chemicals-in-a-laboratory-hospital.png
682,679,Cherry blossoms on fire,1,679,2,8.06,fire,fire,assets/icons/red/0682--679--cherry-blossoms-on-fire.png,assets/icons/yellow/0682--679--cherry-blossoms-on-fire.png,assets/icons/green/0682--679--cherry-blossoms-on-fire.png
683,680,Flower field on fire,1,680,4,29.53,fire,fire,assets/icons/red/0683--680--flower-field-on-fire.png,assets/icons/yellow/0683--680--flower-field-on-fire.png,assets/icons/green/0683--680--flower-field-on-fire.png
684,681,Flowers stolen,1,681,2,6.92,police,crime,assets/icons/red/0684--681--flowers-stolen.png,assets/icons/yellow/0684--681--flowers-stolen.png,assets/icons/green/0684--681--flowers-stolen.png
685,682,Forest fire exercise,1,682,4,43.84,fire,fire,assets/icons/red/0685--682--forest-fire-exercise.png,assets/icons/yellow/0685--682--forest-fire-exercise.png,assets/icons/green/0685--682--forest-fire-exercise.png
686,683,Injury at survival game,1,683,3,16.21,fire,medical,assets/icons/red/0686--683--injury-at-survival-game.png,assets/icons/yellow/0686--683--injury-at-survival-game.png,assets/icons/green/0686--683--injury-at-survival-game.png
687,684,Self-Service Laundry Facility Fire,1,684,4,46.93,fire,fire,assets/icons/red/0687--684--self-service-laundry-facility-fire.png,assets/icons/yellow/0687--684--self-service-laundry-facility-fire.png,assets/icons/green/0687--684--self-service-laundry-facility-fire.png
688,685,Sports Stadium Collapse,1,685,5,118.4,fire,collapse,assets/icons/red/0688--685--sports-stadium-collapse.png,assets/icons/yellow/0688--685--sports-stadium-collapse.png,assets/icons/green/0688--685--sports-stadium-collapse.png
689,686,Confined Space Rescue,1,686,3,15.15,fire,rescue,assets/icons/red/0689--686--confined-space-rescue.png,assets/icons/yellow/0689--686--confined-space-rescue.png,assets/icons/green/0689--686--confined-space-rescue.png
690,687,Pipeline Leak,1,687,4,34.11,fire,fire,assets/icons/red/0690--687--pipeline-leak.png,assets/icons/yellow/0690--687--pipeline-leak.png,assets/icons/green/0690--687--pipeline-leak.png
691,688,Pipeline Fire,2,688 688/a,4,48.04,fire,fire,assets/icons/red/0691--688--pipeline-fire.png,assets/icons/yellow/0691--688--pipeline-fire.png,assets/icons/green/0691--688--pipeline-fire.png
692,689,HCP Admission From GP Surgery,1,689,3,11.48,ambulance,medical,assets/icons/red/0692--689--hcp-admission-from-gp-surgery.png,assets/icons/yellow/0692--689--hcp-admission-from-gp-surgery.png,assets/icons/green/0692--689--hcp-admission-from-gp-surgery.png
693,690,Labour - Waters Broken,1,690,3,11.04,ambulance,medical,assets/icons/red/0693--690--labour-waters-broken.png,assets/icons/yellow/0693--690--labour-waters-broken.png,assets/icons/green/0693--690--labour-waters-broken.png
694,691,Labour - Premature Birth,1,691,3,17.77,ambulance,medical,assets/icons/red/0694--691--labour-premature-birth.png,assets/icons/yellow/0694--691--labour-premature-birth.png,assets/icons/green/0694--691--labour-premature-birth.png
695,692,Labour - Home Birth,1,692,3,15.09,ambulance,medical,assets/icons/red/0695--692--labour-home-birth.png,assets/icons/yellow/0695--692--labour-home-birth.png,assets/icons/green/0695--692--labour-home-birth.png
696,693,HCP Home Visit,1,693,1,3.17,ambulance,medical,assets/icons/red/0696--693--hcp-home-visit.png,assets/icons/yellow/0696--693--hcp-home-visit.png,assets/icons/green/0696--693--hcp-home-visit.png
697,694,Supporters with fireworks on stand,1,694,2,9.07,police,eod,assets/icons/red/0697--694--supporters-with-fireworks-on-stand.png,assets/icons/yellow/0697--694--supporters-with-fireworks-on-stand.png,assets/icons/green/0697--694--supporters-with-fireworks-on-stand.png
698,695,Soccer player slipped in shower,1,695,3,11.43,ambulance,medical,assets/icons/red/0698--695--soccer-player-slipped-in-shower.png,assets/icons/yellow/0698--695--soccer-player-slipped-in-shower.png,assets/icons/green/0698--695--soccer-player-slipped-in-shower.png
699,696,Panic in stands,1,696,3,10.07,police,police,assets/icons/red/0699--696--panic-in-stands.png,assets/icons/yellow/0699--696--panic-in-stands.png,assets/icons/green/0699--696--panic-in-stands.png
700,697,Fire in the stadium,1,697,5,74.64,fire,fire,assets/icons/red/0700--697--fire-in-the-stadium.png,assets/icons/yellow/0700--697--fire-in-the-stadium.png,assets/icons/green/0700--697--fire-in-the-stadium.png
701,698,Fire at Summer Camp,1,698,3,16.3,fire,fire,assets/icons/red/0701--698--fire-at-summer-camp.png,assets/icons/yellow/0701--698--fire-at-summer-camp.png,assets/icons/green/0701--698--fire-at-summer-camp.png
702,699,Amusement Park Ride Malfunction,1,699,3,15.59,fire,fire,assets/icons/red/0702--699--amusement-park-ride-malfunction.png,assets/icons/yellow/0702--699--amusement-park-ride-malfunction.png,assets/icons/green/0702--699--amusement-park-ride-malfunction.png
703,700,Farmers Market Fight,1,700,1,3.52,police,crowd,assets/icons/red/0703--700--farmers-market-fight.png,assets/icons/yellow/0703--700--farmers-market-fight.png,assets/icons/green/0703--700--farmers-market-fight.png
704,701,Waterpark Slide Injury,1,701,2,5.81,ambulance,medical,assets/icons/red/0704--701--waterpark-slide-injury.png,assets/icons/yellow/0704--701--waterpark-slide-injury.png,assets/icons/green/0704--701--waterpark-slide-injury.png
705,702,Drive-in Theater Accident,1,702,1,3.47,police,police,assets/icons/red/0705--702--drive-in-theater-accident.png,assets/icons/yellow/0705--702--drive-in-theater-accident.png,assets/icons/green/0705--702--drive-in-theater-accident.png
706,703,Fire in Derelict Shop,1,703,4,21.53,fire,fire,assets/icons/red/0706--703--fire-in-derelict-shop.png,assets/icons/yellow/0706--703--fire-in-derelict-shop.png,assets/icons/green/0706--703--fire-in-derelict-shop.png
707,704,Fire at a recycling factory,1,704,4,40.79,fire,fire,assets/icons/red/0707--704--fire-at-a-recycling-factory.png,assets/icons/yellow/0707--704--fire-at-a-recycling-factory.png,assets/icons/green/0707--704--fire-at-a-recycling-factory.png
708,705,Sudden illness in spectator stand,1,705,3,11.42,ambulance,medical,assets/icons/red/0708--705--sudden-illness-in-spectator-stand.png,assets/icons/yellow/0708--705--sudden-illness-in-spectator-stand.png,assets/icons/green/0708--705--sudden-illness-in-spectator-stand.png
709,706,Sunstroke at outdoor event,1,706,3,12.55,ambulance,medical,assets/icons/red/0709--706--sunstroke-at-outdoor-event.png,assets/icons/yellow/0709--706--sunstroke-at-outdoor-event.png,assets/icons/green/0709--706--sunstroke-at-outdoor-event.png
710,707,Allergic reaction at food vendor,1,707,3,11.42,ambulance,medical,assets/icons/red/0710--707--allergic-reaction-at-food-vendor.png,assets/icons/yellow/0710--707--allergic-reaction-at-food-vendor.png,assets/icons/green/0710--707--allergic-reaction-at-food-vendor.png
711,708,Crowd control needed at sports opening ceremony,1,708,4,25.12,police,crowd,assets/icons/red/0711--708--crowd-control-needed-at-sports-opening-ceremony.png,assets/icons/yellow/0711--708--crowd-control-needed-at-sports-opening-ceremony.png,assets/icons/green/0711--708--crowd-control-needed-at-sports-opening-ceremony.png
712,709,Suspicious package found at sports stadium entrance,1,709,2,9.81,police,eod,assets/icons/red/0712--709--suspicious-package-found-at-sports-stadium-entrance.png,assets/icons/yellow/0712--709--suspicious-package-found-at-sports-stadium-entrance.png,assets/icons/green/0712--709--suspicious-package-found-at-sports-stadium-entrance.png
713,710,Athlete Trapped in Elevator at Sport Facility,1,710,2,6.73,fire,rescue,assets/icons/red/0713--710--athlete-trapped-in-elevator-at-sport-facility.png,assets/icons/yellow/0713--710--athlete-trapped-in-elevator-at-sport-facility.png,assets/icons/green/0713--710--athlete-trapped-in-elevator-at-sport-facility.png
714,711,Traffic Accident Involving Athlete Shuttle Bus,1,711,4,28.78,fire,fire,assets/icons/red/0714--711--traffic-accident-involving-athlete-shuttle-bus.png,assets/icons/yellow/0714--711--traffic-accident-involving-athlete-shuttle-bus.png,assets/icons/green/0714--711--traffic-accident-involving-athlete-shuttle-bus.png
715,712,Cycling accident during competition,1,712,3,18.96,fire,fire,assets/icons/red/0715--712--cycling-accident-during-competition.png,assets/icons/yellow/0715--712--cycling-accident-during-competition.png,assets/icons/green/0715--712--cycling-accident-during-competition.png
716,713,Athlete injured during gymnastics routine,1,713,3,11.41,ambulance,medical,assets/icons/red/0716--713--athlete-injured-during-gymnastics-routine.png,assets/icons/yellow/0716--713--athlete-injured-during-gymnastics-routine.png,assets/icons/green/0716--713--athlete-injured-during-gymnastics-routine.png
717,714,Water Rescue Required at Sport Sailing Event,1,714,4,30.14,fire,marine,assets/icons/red/0717--714--water-rescue-required-at-sport-sailing-event.png,assets/icons/yellow/0717--714--water-rescue-required-at-sport-sailing-event.png,assets/icons/green/0717--714--water-rescue-required-at-sport-sailing-event.png
718,715,Angry fan at sports swimming pool,1,715,1,2.79,police,police,assets/icons/red/0718--715--angry-fan-at-sports-swimming-pool.png,assets/icons/yellow/0718--715--angry-fan-at-sports-swimming-pool.png,assets/icons/green/0718--715--angry-fan-at-sports-swimming-pool.png
719,716,Interfacility Transfer - Critical Care,1,716,2,4.4,ambulance,medical,assets/icons/red/0719--716--interfacility-transfer-critical-care.png,assets/icons/yellow/0719--716--interfacility-transfer-critical-care.png,assets/icons/green/0719--716--interfacility-transfer-critical-care.png
720,717,Pipeline Explosion,2,717 717/a,5,69.85,fire,fire,assets/icons/red/0720--717--pipeline-explosion.png,assets/icons/yellow/0720--717--pipeline-explosion.png,assets/icons/green/0720--717--pipeline-explosion.png
721,718,Canoeing accident,1,718,3,16.77,fire,marine,assets/icons/red/0721--718--canoeing-accident.png,assets/icons/yellow/0721--718--canoeing-accident.png,assets/icons/green/0721--718--canoeing-accident.png
722,719,Airport maintenance hangar fire,1,719,5,56.3,fire,aircraft,assets/icons/red/0722--719--airport-maintenance-hangar-fire.png,assets/icons/yellow/0722--719--airport-maintenance-hangar-fire.png,assets/icons/green/0722--719--airport-maintenance-hangar-fire.png
723,720,Flooded subway station,1,720,3,19.35,fire,rail,assets/icons/red/0723--720--flooded-subway-station.png,assets/icons/yellow/0723--720--flooded-subway-station.png,assets/icons/green/0723--720--flooded-subway-station.png
724,721,Police assistance directing traffic,1,721,1,2.71,police,weather,assets/icons/red/0724--721--police-assistance-directing-traffic.png,assets/icons/yellow/0724--721--police-assistance-directing-traffic.png,assets/icons/green/0724--721--police-assistance-directing-traffic.png
725,722,People missing after canoeing accident,1,722,2,9.18,marine,marine,assets/icons/red/0725--722--people-missing-after-canoeing-accident.png,assets/icons/yellow/0725--722--people-missing-after-canoeing-accident.png,assets/icons/green/0725--722--people-missing-after-canoeing-accident.png
726,723,Hand Laceration Caused By Malfunctioning Deli Slicer,1,723,3,12.18,fire,weather,assets/icons/red/0726--723--hand-laceration-caused-by-malfunctioning-deli-slicer.png,assets/icons/yellow/0726--723--hand-laceration-caused-by-malfunctioning-deli-slicer.png,assets/icons/green/0726--723--hand-laceration-caused-by-malfunctioning-deli-slicer.png
727,724,Bakery Oven Explosion In Supermarket,1,724,3,20.49,fire,fire,assets/icons/red/0727--724--bakery-oven-explosion-in-supermarket.png,assets/icons/yellow/0727--724--bakery-oven-explosion-in-supermarket.png,assets/icons/green/0727--724--bakery-oven-explosion-in-supermarket.png
728,725,Butcher Injured By Bandsaw Machine Malfunction,1,725,2,9.68,fire,medical,assets/icons/red/0728--725--butcher-injured-by-bandsaw-machine-malfunction.png,assets/icons/yellow/0728--725--butcher-injured-by-bandsaw-machine-malfunction.png,assets/icons/green/0728--725--butcher-injured-by-bandsaw-machine-malfunction.png
729,726,Employee Slipped On Dropped Salmon,1,726,3,11.42,ambulance,medical,assets/icons/red/0729--726--employee-slipped-on-dropped-salmon.png,assets/icons/yellow/0729--726--employee-slipped-on-dropped-salmon.png,assets/icons/green/0729--726--employee-slipped-on-dropped-salmon.png
730,727,Hand Pierced By Sharp Catfish Bone,1,727,3,18.62,fire,animal,assets/icons/red/0730--727--hand-pierced-by-sharp-catfish-bone.png,assets/icons/yellow/0730--727--hand-pierced-by-sharp-catfish-bone.png,assets/icons/green/0730--727--hand-pierced-by-sharp-catfish-bone.png
731,728,Burns Caused By Seafood Steamer Malfunction,1,728,2,4.92,ambulance,medical,assets/icons/red/0731--728--burns-caused-by-seafood-steamer-malfunction.png,assets/icons/yellow/0731--728--burns-caused-by-seafood-steamer-malfunction.png,assets/icons/green/0731--728--burns-caused-by-seafood-steamer-malfunction.png
732,729,Crushed Foot Caused By Produce Cart Tip Over,1,729,2,4.92,ambulance,medical,assets/icons/red/0732--729--crushed-foot-caused-by-produce-cart-tip-over.png,assets/icons/yellow/0732--729--crushed-foot-caused-by-produce-cart-tip-over.png,assets/icons/green/0732--729--crushed-foot-caused-by-produce-cart-tip-over.png
733,730,Customer Severly Constipated In Supermarket Restroom,1,730,2,4.91,ambulance,medical,assets/icons/red/0733--730--customer-severly-constipated-in-supermarket-restroom.png,assets/icons/yellow/0733--730--customer-severly-constipated-in-supermarket-restroom.png,assets/icons/green/0733--730--customer-severly-constipated-in-supermarket-restroom.png
734,731,Cashier Brawl in Break Room,1,731,4,22.65,police,crowd,assets/icons/red/0734--731--cashier-brawl-in-break-room.png,assets/icons/yellow/0734--731--cashier-brawl-in-break-room.png,assets/icons/green/0734--731--cashier-brawl-in-break-room.png
735,732,Multiple Persons Slashing Car Tyres,1,732,2,6.93,police,police,assets/icons/red/0735--732--multiple-persons-slashing-car-tyres.png,assets/icons/yellow/0735--732--multiple-persons-slashing-car-tyres.png,assets/icons/green/0735--732--multiple-persons-slashing-car-tyres.png
736,733,Fired Employee Spills Cleaning Chemicals,1,733,4,36.73,fire,hazmat,assets/icons/red/0736--733--fired-employee-spills-cleaning-chemicals.png,assets/icons/yellow/0736--733--fired-employee-spills-cleaning-chemicals.png,assets/icons/green/0736--733--fired-employee-spills-cleaning-chemicals.png
737,734,Fire in a lithium battery manufacturing factory,1,734,5,55.41,fire,fire,assets/icons/red/0737--734--fire-in-a-lithium-battery-manufacturing-factory.png,assets/icons/yellow/0737--734--fire-in-a-lithium-battery-manufacturing-factory.png,assets/icons/green/0737--734--fire-in-a-lithium-battery-manufacturing-factory.png
738,735,Fire in an abandoned hospital,1,735,4,25.56,fire,fire,assets/icons/red/0738--735--fire-in-an-abandoned-hospital.png,assets/icons/yellow/0738--735--fire-in-an-abandoned-hospital.png,assets/icons/green/0738--735--fire-in-an-abandoned-hospital.png
739,736,Customer steals lottery tickets,1,736,1,2.47,police,police,assets/icons/red/0739--736--customer-steals-lottery-tickets.png,assets/icons/yellow/0739--736--customer-steals-lottery-tickets.png,assets/icons/green/0739--736--customer-steals-lottery-tickets.png
740,737,Internal Theft at Auto Parts Store,1,737,1,3.47,police,crime,assets/icons/red/0740--737--internal-theft-at-auto-parts-store.png,assets/icons/yellow/0740--737--internal-theft-at-auto-parts-store.png,assets/icons/green/0740--737--internal-theft-at-auto-parts-store.png
741,738,Solicitor fraudulently charging customers,1,738,1,2.67,police,police,assets/icons/red/0741--738--solicitor-fraudulently-charging-customers.png,assets/icons/yellow/0741--738--solicitor-fraudulently-charging-customers.png,assets/icons/green/0741--738--solicitor-fraudulently-charging-customers.png
742,739,Gritter Lorry Accident,1,739,3,15.16,fire,fire,assets/icons/red/0742--739--gritter-lorry-accident.png,assets/icons/yellow/0742--739--gritter-lorry-accident.png,assets/icons/green/0742--739--gritter-lorry-accident.png
743,740,Hypothermia after falling into water,1,740,2,8.33,fire,medical,assets/icons/red/0743--740--hypothermia-after-falling-into-water.png,assets/icons/yellow/0743--740--hypothermia-after-falling-into-water.png,assets/icons/green/0743--740--hypothermia-after-falling-into-water.png
744,741,Frozen Pipe Burst,1,741,1,4.04,fire,fire,assets/icons/red/0744--741--frozen-pipe-burst.png,assets/icons/yellow/0744--741--frozen-pipe-burst.png,assets/icons/green/0744--741--frozen-pipe-burst.png
745,742,Unconfirmed Intruder Alarm,1,742,1,2.24,police,crime,assets/icons/red/0745--742--unconfirmed-intruder-alarm.png,assets/icons/yellow/0745--742--unconfirmed-intruder-alarm.png,assets/icons/green/0745--742--unconfirmed-intruder-alarm.png
746,743,High Risk Missing Person (Coastal),1,743,4,40.09,marine,marine,assets/icons/red/0746--743--high-risk-missing-person-coastal.png,assets/icons/yellow/0746--743--high-risk-missing-person-coastal.png,assets/icons/green/0746--743--high-risk-missing-person-coastal.png
747,744,Candle Light Picnic Starts Wildfire,1,744,2,7.78,fire,fire,assets/icons/red/0747--744--candle-light-picnic-starts-wildfire.png,assets/icons/yellow/0747--744--candle-light-picnic-starts-wildfire.png,assets/icons/green/0747--744--candle-light-picnic-starts-wildfire.png
748,745,Engagement ring stolen during proposal,1,745,2,4.24,police,crime,assets/icons/red/0748--745--engagement-ring-stolen-during-proposal.png,assets/icons/yellow/0748--745--engagement-ring-stolen-during-proposal.png,assets/icons/green/0748--745--engagement-ring-stolen-during-proposal.png
749,746,Person trapped under giant teddy bear,1,746,2,5.89,fire,rescue,assets/icons/red/0749--746--person-trapped-under-giant-teddy-bear.png,assets/icons/yellow/0749--746--person-trapped-under-giant-teddy-bear.png,assets/icons/green/0749--746--person-trapped-under-giant-teddy-bear.png
750,747,Scare Prank Triggers Heart Attack,1,747,3,18.3,ambulance,cardiac,assets/icons/red/0750--747--scare-prank-triggers-heart-attack.png,assets/icons/yellow/0750--747--scare-prank-triggers-heart-attack.png,assets/icons/green/0750--747--scare-prank-triggers-heart-attack.png
751,748,Illegal substances found in Buffet Food,1,748,3,17.24,police,police,assets/icons/red/0751--748--illegal-substances-found-in-buffet-food.png,assets/icons/yellow/0751--748--illegal-substances-found-in-buffet-food.png,assets/icons/green/0751--748--illegal-substances-found-in-buffet-food.png
752,749,Carbon monoxide poisoning in a school,2,749 749/a,4,47.75,fire,hazmat,assets/icons/red/0752--749--carbon-monoxide-poisoning-in-a-school.png,assets/icons/yellow/0752--749--carbon-monoxide-poisoning-in-a-school.png,assets/icons/green/0752--749--carbon-monoxide-poisoning-in-a-school.png
753,750,Aerial Ladder Platform Training,1,750,2,5.95,fire,rail,assets/icons/red/0753--750--aerial-ladder-platform-training.png,assets/icons/yellow/0753--750--aerial-ladder-platform-training.png,assets/icons/green/0753--750--aerial-ladder-platform-training.png
754,751,Home Fire Safety Check,1,751,1,3.78,fire,fire,assets/icons/red/0754--751--home-fire-safety-check.png,assets/icons/yellow/0754--751--home-fire-safety-check.png,assets/icons/green/0754--751--home-fire-safety-check.png
755,752,Rookie Firefighter Uses The Q-Word,1,752,1,2.57,fire,fire,assets/icons/red/0755--752--rookie-firefighter-uses-the-q-word.png,assets/icons/yellow/0755--752--rookie-firefighter-uses-the-q-word.png,assets/icons/green/0755--752--rookie-firefighter-uses-the-q-word.png
756,753,Belay Failure Whilst Abseiling,2,753 753/a,4,27.24,mountain,mountain,assets/icons/red/0756--753--belay-failure-whilst-abseiling.png,assets/icons/yellow/0756--753--belay-failure-whilst-abseiling.png,assets/icons/green/0756--753--belay-failure-whilst-abseiling.png
757,754,Teenager Trapped in Small Cave Complex,1,754,4,39.71,mountain,mountain,assets/icons/red/0757--754--teenager-trapped-in-small-cave-complex.png,assets/icons/yellow/0757--754--teenager-trapped-in-small-cave-complex.png,assets/icons/green/0757--754--teenager-trapped-in-small-cave-complex.png
758,755,Fall Whilst Fell Running,2,755 755/a,3,12.86,mountain,mountain,assets/icons/red/0758--755--fall-whilst-fell-running.png,assets/icons/yellow/0758--755--fall-whilst-fell-running.png,assets/icons/green/0758--755--fall-whilst-fell-running.png
759,756,Overdue Hikers,4,756 756/a 756/b 756/ab,4,22.66,mountain,mountain,assets/icons/red/0759--756--overdue-hikers.png,assets/icons/yellow/0759--756--overdue-hikers.png,assets/icons/green/0759--756--overdue-hikers.png
760,757,S.O.S Torch Signal Sighted on Moorland,2,757 757/a,4,28.84,mountain,mountain,assets/icons/red/0760--757--s-o-s-torch-signal-sighted-on-moorland.png,assets/icons/yellow/0760--757--s-o-s-torch-signal-sighted-on-moorland.png,assets/icons/green/0760--757--s-o-s-torch-signal-sighted-on-moorland.png
761,758,Cardiac Arrest on Hike,2,758 758/a,4,24.33,mountain,mountain,assets/icons/red/0761--758--cardiac-arrest-on-hike.png,assets/icons/yellow/0761--758--cardiac-arrest-on-hike.png,assets/icons/green/0761--758--cardiac-arrest-on-hike.png
762,759,Rockfall on Climbers,1,759,5,62.98,mountain,medical,assets/icons/red/0762--759--rockfall-on-climbers.png,assets/icons/yellow/0762--759--rockfall-on-climbers.png,assets/icons/green/0762--759--rockfall-on-climbers.png
763,760,Amateur Explorers Trapped in Abandoned Mineshaft,1,760,5,69.54,mountain,mountain,assets/icons/red/0763--760--amateur-explorers-trapped-in-abandoned-mineshaft.png,assets/icons/yellow/0763--760--amateur-explorers-trapped-in-abandoned-mineshaft.png,assets/icons/green/0763--760--amateur-explorers-trapped-in-abandoned-mineshaft.png
764,761,Dis-Masted Yacht Offshore,1,761,4,22.74,marine,marine,assets/icons/red/0764--761--dis-masted-yacht-offshore.png,assets/icons/yellow/0764--761--dis-masted-yacht-offshore.png,assets/icons/green/0764--761--dis-masted-yacht-offshore.png
765,762,Palliative Care Visit,1,762,2,4.65,ambulance,medical,assets/icons/red/0765--762--palliative-care-visit.png,assets/icons/yellow/0765--762--palliative-care-visit.png,assets/icons/green/0765--762--palliative-care-visit.png
766,763,Personal Attack Alarm,1,763,3,13.16,police,police,assets/icons/red/0766--763--personal-attack-alarm.png,assets/icons/yellow/0766--763--personal-attack-alarm.png,assets/icons/green/0766--763--personal-attack-alarm.png
767,764,Fire in chocolate egg factory,1,764,5,85.63,fire,fire,assets/icons/red/0767--764--fire-in-chocolate-egg-factory.png,assets/icons/yellow/0767--764--fire-in-chocolate-egg-factory.png,assets/icons/green/0767--764--fire-in-chocolate-egg-factory.png
768,765,Unannounced Easter bunny strike,1,765,4,40.23,police,police,assets/icons/red/0768--765--unannounced-easter-bunny-strike.png,assets/icons/yellow/0768--765--unannounced-easter-bunny-strike.png,assets/icons/green/0768--765--unannounced-easter-bunny-strike.png
769,766,Dis-Masted sailing boat (inshore),1,766,2,5.39,marine,marine,assets/icons/red/0769--766--dis-masted-sailing-boat-inshore.png,assets/icons/yellow/0769--766--dis-masted-sailing-boat-inshore.png,assets/icons/green/0769--766--dis-masted-sailing-boat-inshore.png
770,767,Person suffers diabetic shock,1,767,2,6.2,ambulance,medical,assets/icons/red/0770--767--person-suffers-diabetic-shock.png,assets/icons/yellow/0770--767--person-suffers-diabetic-shock.png,assets/icons/green/0770--767--person-suffers-diabetic-shock.png
771,768,Mountainbiker hit a tree,1,768,2,5.97,ambulance,mountain,assets/icons/red/0771--768--mountainbiker-hit-a-tree.png,assets/icons/yellow/0771--768--mountainbiker-hit-a-tree.png,assets/icons/green/0771--768--mountainbiker-hit-a-tree.png
772,769,Grain dryer fires,1,769,4,31.77,fire,fire,assets/icons/red/0772--769--grain-dryer-fires.png,assets/icons/yellow/0772--769--grain-dryer-fires.png,assets/icons/green/0772--769--grain-dryer-fires.png
773,770,Child fell from tree while playing,1,770,2,5.84,ambulance,medical,assets/icons/red/0773--770--child-fell-from-tree-while-playing.png,assets/icons/yellow/0773--770--child-fell-from-tree-while-playing.png,assets/icons/green/0773--770--child-fell-from-tree-while-playing.png
774,771,Bilking from Restaurant,1,771,1,3.08,police,police,assets/icons/red/0774--771--bilking-from-restaurant.png,assets/icons/yellow/0774--771--bilking-from-restaurant.png,assets/icons/green/0774--771--bilking-from-restaurant.png
775,772,Vehicle Fluids Wash Down,1,772,1,2.57,fire,fire,assets/icons/red/0775--772--vehicle-fluids-wash-down.png,assets/icons/yellow/0775--772--vehicle-fluids-wash-down.png,assets/icons/green/0775--772--vehicle-fluids-wash-down.png
776,773,Delirium,1,773,1,4.0,ambulance,medical,assets/icons/red/0776--773--delirium.png,assets/icons/yellow/0776--773--delirium.png,assets/icons/green/0776--773--delirium.png
777,774,Crane fell over on construction site,1,774,4,23.01,fire,fire,assets/icons/red/0777--774--crane-fell-over-on-construction-site.png,assets/icons/yellow/0777--774--crane-fell-over-on-construction-site.png,assets/icons/green/0777--774--crane-fell-over-on-construction-site.png
778,775,Trees blocking the roads after heavy storm,1,775,4,21.36,fire,weather,assets/icons/red/0778--775--trees-blocking-the-roads-after-heavy-storm.png,assets/icons/yellow/0778--775--trees-blocking-the-roads-after-heavy-storm.png,assets/icons/green/0778--775--trees-blocking-the-roads-after-heavy-storm.png
779,776,Car into telegraph pole,1,776,3,13.66,mixed,collision,assets/icons/red/0779--776--car-into-telegraph-pole.png,assets/icons/yellow/0779--776--car-into-telegraph-pole.png,assets/icons/green/0779--776--car-into-telegraph-pole.png
780,777,RTC Car into telegraph pole (entrapment),1,777,4,32.1,mixed,collision,assets/icons/red/0780--777--rtc-car-into-telegraph-pole-entrapment.png,assets/icons/yellow/0780--777--rtc-car-into-telegraph-pole-entrapment.png,assets/icons/green/0780--777--rtc-car-into-telegraph-pole-entrapment.png
781,778,Uninsured Heavy Goods Vehicle,1,778,1,4.17,police,police,assets/icons/red/0781--778--uninsured-heavy-goods-vehicle.png,assets/icons/yellow/0781--778--uninsured-heavy-goods-vehicle.png,assets/icons/green/0781--778--uninsured-heavy-goods-vehicle.png
782,779,Stolen Car Located,1,779,1,1.67,police,animal,assets/icons/red/0782--779--stolen-car-located.png,assets/icons/yellow/0782--779--stolen-car-located.png,assets/icons/green/0782--779--stolen-car-located.png
783,780,Stolen Moped Located,1,780,1,2.24,police,animal,assets/icons/red/0783--780--stolen-moped-located.png,assets/icons/yellow/0783--780--stolen-moped-located.png,assets/icons/green/0783--780--stolen-moped-located.png
784,781,Stolen Van Located,1,781,1,2.84,police,animal,assets/icons/red/0784--781--stolen-van-located.png,assets/icons/yellow/0784--781--stolen-van-located.png,assets/icons/green/0784--781--stolen-van-located.png
785,782,Non-Injury RTC with Police Car (Recovery Required),2,782 782/a,2,9.95,police,collision,assets/icons/red/0785--782--non-injury-rtc-with-police-car-recovery-required.png,assets/icons/yellow/0785--782--non-injury-rtc-with-police-car-recovery-required.png,assets/icons/green/0785--782--non-injury-rtc-with-police-car-recovery-required.png
786,783,S.59 Vehicle Seizure for Anti-Social Use,1,783,1,2.24,police,medical,assets/icons/red/0786--783--s-59-vehicle-seizure-for-anti-social-use.png,assets/icons/yellow/0786--783--s-59-vehicle-seizure-for-anti-social-use.png,assets/icons/green/0786--783--s-59-vehicle-seizure-for-anti-social-use.png
787,784,Abandoned Car Obstructing Road,1,784,1,1.11,mixed,response,assets/icons/red/0787--784--abandoned-car-obstructing-road.png,assets/icons/yellow/0787--784--abandoned-car-obstructing-road.png,assets/icons/green/0787--784--abandoned-car-obstructing-road.png
788,785,Broken Down Car Obstructing Road,1,785,1,1.11,mixed,response,assets/icons/red/0788--785--broken-down-car-obstructing-road.png,assets/icons/yellow/0788--785--broken-down-car-obstructing-road.png,assets/icons/green/0788--785--broken-down-car-obstructing-road.png
789,786,Single Vehicle Road Traffic Collision (Exercise),1,786,4,22.81,fire,collision,assets/icons/red/0789--786--single-vehicle-road-traffic-collision-exercise.png,assets/icons/yellow/0789--786--single-vehicle-road-traffic-collision-exercise.png,assets/icons/green/0789--786--single-vehicle-road-traffic-collision-exercise.png
790,787,Vessel Taking on Water,2,787 787/a,4,28.28,marine,marine,assets/icons/red/0790--787--vessel-taking-on-water.png,assets/icons/yellow/0790--787--vessel-taking-on-water.png,assets/icons/green/0790--787--vessel-taking-on-water.png
791,788,Possible Illegal Plantation (Aerial Thermal Imaging Required),1,788,2,7.0,police,police,assets/icons/red/0791--788--possible-illegal-plantation-aerial-thermal-imaging-required.png,assets/icons/yellow/0791--788--possible-illegal-plantation-aerial-thermal-imaging-required.png,assets/icons/green/0791--788--possible-illegal-plantation-aerial-thermal-imaging-required.png
792,789,Illegal Plantation (Small),1,789,3,11.98,police,police,assets/icons/red/0792--789--illegal-plantation-small.png,assets/icons/yellow/0792--789--illegal-plantation-small.png,assets/icons/green/0792--789--illegal-plantation-small.png
793,790,Unlawful Occupation Report (Squatting),1,790,1,3.62,police,police,assets/icons/red/0793--790--unlawful-occupation-report-squatting.png,assets/icons/yellow/0793--790--unlawful-occupation-report-squatting.png,assets/icons/green/0793--790--unlawful-occupation-report-squatting.png
794,791,Collision between two buses,1,791,5,87.45,police,collision,assets/icons/red/0794--791--collision-between-two-buses.png,assets/icons/yellow/0794--791--collision-between-two-buses.png,assets/icons/green/0794--791--collision-between-two-buses.png
795,792,Mass influx of sick people - railway station,2,792 792/a,5,67.12,ambulance,rail,assets/icons/red/0795--792--mass-influx-of-sick-people-railway-station.png,assets/icons/yellow/0795--792--mass-influx-of-sick-people-railway-station.png,assets/icons/green/0795--792--mass-influx-of-sick-people-railway-station.png
796,793,Lightning strike at event,1,793,5,54.08,fire,weather,assets/icons/red/0796--793--lightning-strike-at-event.png,assets/icons/yellow/0796--793--lightning-strike-at-event.png,assets/icons/green/0796--793--lightning-strike-at-event.png
797,794,Tram derailed,1,794,4,48.15,fire,rail,assets/icons/red/0797--794--tram-derailed.png,assets/icons/yellow/0797--794--tram-derailed.png,assets/icons/green/0797--794--tram-derailed.png
798,795,Bridge collapse (major),1,795,5,112.5,fire,collapse,assets/icons/red/0798--795--bridge-collapse-major.png,assets/icons/yellow/0798--795--bridge-collapse-major.png,assets/icons/green/0798--795--bridge-collapse-major.png
799,796,Chain Collision in the tunnel,2,796 796/a,4,45.4,police,collision,assets/icons/red/0799--796--chain-collision-in-the-tunnel.png,assets/icons/yellow/0799--796--chain-collision-in-the-tunnel.png,assets/icons/green/0799--796--chain-collision-in-the-tunnel.png
800,797,Person in large enclosure,1,797,3,17.31,fire,fire,assets/icons/red/0800--797--person-in-large-enclosure.png,assets/icons/yellow/0800--797--person-in-large-enclosure.png,assets/icons/green/0800--797--person-in-large-enclosure.png
801,798,Person trapped between platform and train,2,798 798/a,4,25.79,fire,rail,assets/icons/red/0801--798--person-trapped-between-platform-and-train.png,assets/icons/yellow/0801--798--person-trapped-between-platform-and-train.png,assets/icons/green/0801--798--person-trapped-between-platform-and-train.png
802,799,Haunted Hayride Emergency,1,799,3,19.12,fire,fire,assets/icons/red/0802--799--haunted-hayride-emergency.png,assets/icons/yellow/0802--799--haunted-hayride-emergency.png,assets/icons/green/0802--799--haunted-hayride-emergency.png
803,800,Multiple Inflatable Ghosts on Fire,1,800,4,25.75,fire,fire,assets/icons/red/0803--800--multiple-inflatable-ghosts-on-fire.png,assets/icons/yellow/0803--800--multiple-inflatable-ghosts-on-fire.png,assets/icons/green/0803--800--multiple-inflatable-ghosts-on-fire.png
804,801,Monster broke loose,1,801,4,28.39,police,police,assets/icons/red/0804--801--monster-broke-loose.png,assets/icons/yellow/0804--801--monster-broke-loose.png,assets/icons/green/0804--801--monster-broke-loose.png
805,802,Helicopter crash,1,802,4,37.34,fire,aircraft,assets/icons/red/0805--802--helicopter-crash.png,assets/icons/yellow/0805--802--helicopter-crash.png,assets/icons/green/0805--802--helicopter-crash.png
806,803,Execution of an Interpol arrest warrant,1,803,3,12.21,police,crime,assets/icons/red/0806--803--execution-of-an-interpol-arrest-warrant.png,assets/icons/yellow/0806--803--execution-of-an-interpol-arrest-warrant.png,assets/icons/green/0806--803--execution-of-an-interpol-arrest-warrant.png
807,804,Powerline sparks fire on farmland,1,804,4,21.12,fire,fire,assets/icons/red/0807--804--powerline-sparks-fire-on-farmland.png,assets/icons/yellow/0807--804--powerline-sparks-fire-on-farmland.png,assets/icons/green/0807--804--powerline-sparks-fire-on-farmland.png
808,805,Severe chlorine leak,1,805,4,48.4,fire,hazmat,assets/icons/red/0808--805--severe-chlorine-leak.png,assets/icons/yellow/0808--805--severe-chlorine-leak.png,assets/icons/green/0808--805--severe-chlorine-leak.png
809,806,Passenger Train Fire in Tunnel,1,806,5,95.75,fire,rail,assets/icons/red/0809--806--passenger-train-fire-in-tunnel.png,assets/icons/yellow/0809--806--passenger-train-fire-in-tunnel.png,assets/icons/green/0809--806--passenger-train-fire-in-tunnel.png
810,807,Evacuation of Stranded Passenger Train,1,807,5,74.73,fire,rail,assets/icons/red/0810--807--evacuation-of-stranded-passenger-train.png,assets/icons/yellow/0810--807--evacuation-of-stranded-passenger-train.png,assets/icons/green/0810--807--evacuation-of-stranded-passenger-train.png
811,808,Passenger Train Caught in Landslide (Major Incident),1,808,5,142.65,fire,rail,assets/icons/red/0811--808--passenger-train-caught-in-landslide-major-incident.png,assets/icons/yellow/0811--808--passenger-train-caught-in-landslide-major-incident.png,assets/icons/green/0811--808--passenger-train-caught-in-landslide-major-incident.png
812,809,Flooded Railway Station (Persons Trapped),1,809,5,52.49,fire,rail,assets/icons/red/0812--809--flooded-railway-station-persons-trapped.png,assets/icons/yellow/0812--809--flooded-railway-station-persons-trapped.png,assets/icons/green/0812--809--flooded-railway-station-persons-trapped.png
813,810,Goods Train Collided with HGV,1,810,5,53.3,fire,rail,assets/icons/red/0813--810--goods-train-collided-with-hgv.png,assets/icons/yellow/0813--810--goods-train-collided-with-hgv.png,assets/icons/green/0813--810--goods-train-collided-with-hgv.png
814,811,Fight over ugly Christmas sweater contest,1,811,3,13.24,police,crowd,assets/icons/red/0814--811--fight-over-ugly-christmas-sweater-contest.png,assets/icons/yellow/0814--811--fight-over-ugly-christmas-sweater-contest.png,assets/icons/green/0814--811--fight-over-ugly-christmas-sweater-contest.png
815,812,Gingerbread House Fire,1,812,4,23.99,fire,fire,assets/icons/red/0815--812--gingerbread-house-fire.png,assets/icons/yellow/0815--812--gingerbread-house-fire.png,assets/icons/green/0815--812--gingerbread-house-fire.png
816,813,Pedestrian Struck By Reindeer,1,813,3,16.29,fire,animal,assets/icons/red/0816--813--pedestrian-struck-by-reindeer.png,assets/icons/yellow/0816--813--pedestrian-struck-by-reindeer.png,assets/icons/green/0816--813--pedestrian-struck-by-reindeer.png
817,814,Elves Protesting,1,814,3,15.71,police,crowd,assets/icons/red/0817--814--elves-protesting.png,assets/icons/yellow/0817--814--elves-protesting.png,assets/icons/green/0817--814--elves-protesting.png
818,815,Large Animal Rescue,1,815,2,8.78,fire,animal,assets/icons/red/0818--815--large-animal-rescue.png,assets/icons/yellow/0818--815--large-animal-rescue.png,assets/icons/green/0818--815--large-animal-rescue.png
819,816,School buses collide due to black ice,1,816,4,27.03,police,weather,assets/icons/red/0819--816--school-buses-collide-due-to-black-ice.png,assets/icons/yellow/0819--816--school-buses-collide-due-to-black-ice.png,assets/icons/green/0819--816--school-buses-collide-due-to-black-ice.png
820,817,Train stuck in snowstorm,2,817 817/a,4,27.66,fire,rail,assets/icons/red/0820--817--train-stuck-in-snowstorm.png,assets/icons/yellow/0820--817--train-stuck-in-snowstorm.png,assets/icons/green/0820--817--train-stuck-in-snowstorm.png
821,818,Poisoned chocolates,1,818,2,9.61,ambulance,hazmat,assets/icons/red/0821--818--poisoned-chocolates.png,assets/icons/yellow/0821--818--poisoned-chocolates.png,assets/icons/green/0821--818--poisoned-chocolates.png
822,819,Forgotten anniversary,1,819,3,15.22,police,police,assets/icons/red/0822--819--forgotten-anniversary.png,assets/icons/yellow/0822--819--forgotten-anniversary.png,assets/icons/green/0822--819--forgotten-anniversary.png
823,820,Snowplow overturned on rural road,1,820,3,16.67,fire,weather,assets/icons/red/0823--820--snowplow-overturned-on-rural-road.png,assets/icons/yellow/0823--820--snowplow-overturned-on-rural-road.png,assets/icons/green/0823--820--snowplow-overturned-on-rural-road.png
824,821,Dog running around on motorway,1,821,1,2.76,police,animal,assets/icons/red/0824--821--dog-running-around-on-motorway.png,assets/icons/yellow/0824--821--dog-running-around-on-motorway.png,assets/icons/green/0824--821--dog-running-around-on-motorway.png
825,822,Driver hit by loose truck wheel,1,822,3,20.98,police,marine,assets/icons/red/0825--822--driver-hit-by-loose-truck-wheel.png,assets/icons/yellow/0825--822--driver-hit-by-loose-truck-wheel.png,assets/icons/green/0825--822--driver-hit-by-loose-truck-wheel.png
826,823,Fire in furniture shop,1,823,4,47.5,fire,fire,assets/icons/red/0826--823--fire-in-furniture-shop.png,assets/icons/yellow/0826--823--fire-in-furniture-shop.png,assets/icons/green/0826--823--fire-in-furniture-shop.png
827,824,Fire in stables,1,824,3,17.21,fire,fire,assets/icons/red/0827--824--fire-in-stables.png,assets/icons/yellow/0827--824--fire-in-stables.png,assets/icons/green/0827--824--fire-in-stables.png
828,825,Truck carrying Eggnog overturned,1,825,3,16.61,police,police,assets/icons/red/0828--825--truck-carrying-eggnog-overturned.png,assets/icons/yellow/0828--825--truck-carrying-eggnog-overturned.png,assets/icons/green/0828--825--truck-carrying-eggnog-overturned.png
829,826,Missing Easter eggs,1,826,2,7.02,police,police,assets/icons/red/0829--826--missing-easter-eggs.png,assets/icons/yellow/0829--826--missing-easter-eggs.png,assets/icons/green/0829--826--missing-easter-eggs.png
830,827,Fire at control tower,1,827,5,53.94,fire,fire,assets/icons/red/0830--827--fire-at-control-tower.png,assets/icons/yellow/0830--827--fire-at-control-tower.png,assets/icons/green/0830--827--fire-at-control-tower.png
831,828,Party centre on fire,1,828,4,49.74,fire,fire,assets/icons/red/0831--828--party-centre-on-fire.png,assets/icons/yellow/0831--828--party-centre-on-fire.png,assets/icons/green/0831--828--party-centre-on-fire.png
832,829,Unexploded WW2 Ordnance in Countryside,1,829,3,16.43,mixed,eod,assets/icons/red/0832--829--unexploded-ww2-ordnance-in-countryside.png,assets/icons/yellow/0832--829--unexploded-ww2-ordnance-in-countryside.png,assets/icons/green/0832--829--unexploded-ww2-ordnance-in-countryside.png
833,830,Unexploded WW2 Ordnance on Quiet Beach,1,830,3,18.22,mixed,eod,assets/icons/red/0833--830--unexploded-ww2-ordnance-on-quiet-beach.png,assets/icons/yellow/0833--830--unexploded-ww2-ordnance-on-quiet-beach.png,assets/icons/green/0833--830--unexploded-ww2-ordnance-on-quiet-beach.png
834,831,Unexploded WW2 Ordnance on Busy Beach,1,831,4,31.87,mixed,eod,assets/icons/red/0834--831--unexploded-ww2-ordnance-on-busy-beach.png,assets/icons/yellow/0834--831--unexploded-ww2-ordnance-on-busy-beach.png,assets/icons/green/0834--831--unexploded-ww2-ordnance-on-busy-beach.png
835,832,Unexploded WW2 Ordnance in Harbour,1,832,4,46.9,mixed,eod,assets/icons/red/0835--832--unexploded-ww2-ordnance-in-harbour.png,assets/icons/yellow/0835--832--unexploded-ww2-ordnance-in-harbour.png,assets/icons/green/0835--832--unexploded-ww2-ordnance-in-harbour.png
836,833,Unexploded WW2 Ordnance in Marina,1,833,5,55.58,mixed,eod,assets/icons/red/0836--833--unexploded-ww2-ordnance-in-marina.png,assets/icons/yellow/0836--833--unexploded-ww2-ordnance-in-marina.png,assets/icons/green/0836--833--unexploded-ww2-ordnance-in-marina.png
837,834,Unexploded WW2 Ordnance Discovered at Small Train Station,1,834,4,27.87,mixed,eod,assets/icons/red/0837--834--unexploded-ww2-ordnance-discovered-at-small-train-station.png,assets/icons/yellow/0837--834--unexploded-ww2-ordnance-discovered-at-small-train-station.png,assets/icons/green/0837--834--unexploded-ww2-ordnance-discovered-at-small-train-station.png
838,835,Unexploded WW2 Ordnance Discovered at Large Train Station,1,835,4,46.84,mixed,eod,assets/icons/red/0838--835--unexploded-ww2-ordnance-discovered-at-large-train-station.png,assets/icons/yellow/0838--835--unexploded-ww2-ordnance-discovered-at-large-train-station.png,assets/icons/green/0838--835--unexploded-ww2-ordnance-discovered-at-large-train-station.png
839,836,Unexploded WW2 Grenade Located in Shed,1,836,3,11.96,mixed,animal,assets/icons/red/0839--836--unexploded-ww2-grenade-located-in-shed.png,assets/icons/yellow/0839--836--unexploded-ww2-grenade-located-in-shed.png,assets/icons/green/0839--836--unexploded-ww2-grenade-located-in-shed.png
840,837,Unexploded WW2 Grenade Located in Loft,1,837,3,17.98,mixed,animal,assets/icons/red/0840--837--unexploded-ww2-grenade-located-in-loft.png,assets/icons/yellow/0840--837--unexploded-ww2-grenade-located-in-loft.png,assets/icons/green/0840--837--unexploded-ww2-grenade-located-in-loft.png
841,838,Unexploded WW2 Bomb Located at Building Site (Small),1,838,4,21.89,mixed,eod,assets/icons/red/0841--838--unexploded-ww2-bomb-located-at-building-site-small.png,assets/icons/yellow/0841--838--unexploded-ww2-bomb-located-at-building-site-small.png,assets/icons/green/0841--838--unexploded-ww2-bomb-located-at-building-site-small.png
842,839,Unexploded WW2 Bomb Located at Building Site (Large),1,839,4,39.61,mixed,eod,assets/icons/red/0842--839--unexploded-ww2-bomb-located-at-building-site-large.png,assets/icons/yellow/0842--839--unexploded-ww2-bomb-located-at-building-site-large.png,assets/icons/green/0842--839--unexploded-ww2-bomb-located-at-building-site-large.png
843,840,Person trapped under vehicle,1,840,3,20.51,fire,rescue,assets/icons/red/0843--840--person-trapped-under-vehicle.png,assets/icons/yellow/0843--840--person-trapped-under-vehicle.png,assets/icons/green/0843--840--person-trapped-under-vehicle.png
844,841,Smoke coming from company premises,1,841,3,15.63,fire,fire,assets/icons/red/0844--841--smoke-coming-from-company-premises.png,assets/icons/yellow/0844--841--smoke-coming-from-company-premises.png,assets/icons/green/0844--841--smoke-coming-from-company-premises.png
845,842,Sprained leg,1,842,1,2.49,ambulance,medical,assets/icons/red/0845--842--sprained-leg.png,assets/icons/yellow/0845--842--sprained-leg.png,assets/icons/green/0845--842--sprained-leg.png
846,843,Sprained arm,1,843,1,2.49,ambulance,medical,assets/icons/red/0846--843--sprained-arm.png,assets/icons/yellow/0846--843--sprained-arm.png,assets/icons/green/0846--843--sprained-arm.png
847,844,Sprained ankle,1,844,1,2.49,ambulance,medical,assets/icons/red/0847--844--sprained-ankle.png,assets/icons/yellow/0847--844--sprained-ankle.png,assets/icons/green/0847--844--sprained-ankle.png
848,845,Fans fight at volleyball match,1,845,3,16.53,police,crowd,assets/icons/red/0848--845--fans-fight-at-volleyball-match.png,assets/icons/yellow/0848--845--fans-fight-at-volleyball-match.png,assets/icons/green/0848--845--fans-fight-at-volleyball-match.png
849,846,Fans fight at basketball game,1,846,3,16.53,police,crowd,assets/icons/red/0849--846--fans-fight-at-basketball-game.png,assets/icons/yellow/0849--846--fans-fight-at-basketball-game.png,assets/icons/green/0849--846--fans-fight-at-basketball-game.png
850,847,Truck overturned by strong winds,2,847 847/a,3,17.22,fire,weather,assets/icons/red/0850--847--truck-overturned-by-strong-winds.png,assets/icons/yellow/0850--847--truck-overturned-by-strong-winds.png,assets/icons/green/0850--847--truck-overturned-by-strong-winds.png
851,848,Cyclist blown over by strong winds,1,848,1,2.42,ambulance,weather,assets/icons/red/0851--848--cyclist-blown-over-by-strong-winds.png,assets/icons/yellow/0851--848--cyclist-blown-over-by-strong-winds.png,assets/icons/green/0851--848--cyclist-blown-over-by-strong-winds.png
852,849,Roof tiles loose in the gutter,1,849,2,4.26,fire,fire,assets/icons/red/0852--849--roof-tiles-loose-in-the-gutter.png,assets/icons/yellow/0852--849--roof-tiles-loose-in-the-gutter.png,assets/icons/green/0852--849--roof-tiles-loose-in-the-gutter.png
853,850,Roof tiles loose on the roof,1,850,2,4.26,fire,fire,assets/icons/red/0853--850--roof-tiles-loose-on-the-roof.png,assets/icons/yellow/0853--850--roof-tiles-loose-on-the-roof.png,assets/icons/green/0853--850--roof-tiles-loose-on-the-roof.png
854,851,Gutter at risk of being blown off,1,851,2,4.26,fire,fire,assets/icons/red/0854--851--gutter-at-risk-of-being-blown-off.png,assets/icons/yellow/0854--851--gutter-at-risk-of-being-blown-off.png,assets/icons/green/0854--851--gutter-at-risk-of-being-blown-off.png
855,852,Solar panels at risk of falling off the roof,1,852,2,4.26,fire,medical,assets/icons/red/0855--852--solar-panels-at-risk-of-falling-off-the-roof.png,assets/icons/yellow/0855--852--solar-panels-at-risk-of-falling-off-the-roof.png,assets/icons/green/0855--852--solar-panels-at-risk-of-falling-off-the-roof.png
856,853,Player missing,1,853,2,7.27,police,police,assets/icons/red/0856--853--player-missing.png,assets/icons/yellow/0856--853--player-missing.png,assets/icons/green/0856--853--player-missing.png
857,854,Out of control coach,1,854,1,3.67,police,police,assets/icons/red/0857--854--out-of-control-coach.png,assets/icons/yellow/0857--854--out-of-control-coach.png,assets/icons/green/0857--854--out-of-control-coach.png
858,855,Ticket forgery,1,855,1,2.47,police,police,assets/icons/red/0858--855--ticket-forgery.png,assets/icons/yellow/0858--855--ticket-forgery.png,assets/icons/green/0858--855--ticket-forgery.png
859,856,Fire in inaccessible terrain,1,856,4,24.02,fire,fire,assets/icons/red/0859--856--fire-in-inaccessible-terrain.png,assets/icons/yellow/0859--856--fire-in-inaccessible-terrain.png,assets/icons/green/0859--856--fire-in-inaccessible-terrain.png
860,857,Washing machine on fire,1,857,1,2.77,fire,fire,assets/icons/red/0860--857--washing-machine-on-fire.png,assets/icons/yellow/0860--857--washing-machine-on-fire.png,assets/icons/green/0860--857--washing-machine-on-fire.png
861,858,Dryer on fire,1,858,1,2.77,fire,fire,assets/icons/red/0861--858--dryer-on-fire.png,assets/icons/yellow/0861--858--dryer-on-fire.png,assets/icons/green/0861--858--dryer-on-fire.png
862,859,Tampering with fire hydrants,1,859,2,5.76,fire,fire,assets/icons/red/0862--859--tampering-with-fire-hydrants.png,assets/icons/yellow/0862--859--tampering-with-fire-hydrants.png,assets/icons/green/0862--859--tampering-with-fire-hydrants.png
863,860,Dog loose on road,1,860,1,2.76,police,animal,assets/icons/red/0863--860--dog-loose-on-road.png,assets/icons/yellow/0863--860--dog-loose-on-road.png,assets/icons/green/0863--860--dog-loose-on-road.png
864,861,Knifepoint Robbery of a Person,1,861,2,7.78,police,crime,assets/icons/red/0864--861--knifepoint-robbery-of-a-person.png,assets/icons/yellow/0864--861--knifepoint-robbery-of-a-person.png,assets/icons/green/0864--861--knifepoint-robbery-of-a-person.png
865,862,ANPR Activation - High Risk Missing Person,1,862,4,21.96,police,crime,assets/icons/red/0865--862--anpr-activation-high-risk-missing-person.png,assets/icons/yellow/0865--862--anpr-activation-high-risk-missing-person.png,assets/icons/green/0865--862--anpr-activation-high-risk-missing-person.png
866,863,Fallen Down Stairs,1,863,2,5.02,ambulance,medical,assets/icons/red/0866--863--fallen-down-stairs.png,assets/icons/yellow/0866--863--fallen-down-stairs.png,assets/icons/green/0866--863--fallen-down-stairs.png
867,864,Lost child at the beach,1,864,3,12.18,police,police,assets/icons/red/0867--864--lost-child-at-the-beach.png,assets/icons/yellow/0867--864--lost-child-at-the-beach.png,assets/icons/green/0867--864--lost-child-at-the-beach.png
868,865,Fish sting on beach,0,,1,0.0,ambulance,medical,assets/icons/red/0868--865--fish-sting-on-beach.png,assets/icons/yellow/0868--865--fish-sting-on-beach.png,assets/icons/green/0868--865--fish-sting-on-beach.png
869,866,Burned by barbecue,0,,1,0.0,ambulance,medical,assets/icons/red/0869--866--burned-by-barbecue.png,assets/icons/yellow/0869--866--burned-by-barbecue.png,assets/icons/green/0869--866--burned-by-barbecue.png
870,867,Jet ski near the coast,0,,2,0.0,marine,marine,assets/icons/red/0870--867--jet-ski-near-the-coast.png,assets/icons/yellow/0870--867--jet-ski-near-the-coast.png,assets/icons/green/0870--867--jet-ski-near-the-coast.png
871,868,Lost Child at Beach - Coastguard Search,1,868,3,19.44,marine,marine,assets/icons/red/0871--868--lost-child-at-beach-coastguard-search.png,assets/icons/yellow/0871--868--lost-child-at-beach-coastguard-search.png,assets/icons/green/0871--868--lost-child-at-beach-coastguard-search.png
